id,domain_id,domain_code,title_es,title_en,objective,requirement,minimum_profile,evidence,owner_examples,aadapt_tactics,nist_csf2,owasp_alignment,status
CSPTF-CTRL-GOV-001,CSPTF-DOM-01,GOV,Gobierno y responsabilidad del programa,,"Asegurar que gobierno y responsabilidad del programa se diseñe, implemente, opere y evidencie de forma proporcional al riesgo del ecosistema de activos digitales.","La organización DEBE definir, aprobar, implementar, monitorear y revisar gobierno y responsabilidad del programa, manteniendo evidencia trazable y excepciones formalmente aceptadas.",AP1,Política o diseño aprobado; configuración o artefacto técnico; registro operativo; evidencia de revisión; prueba de eficacia relacionada con gobierno y responsabilidad del programa.,"Seguridad; Ingeniería; Operaciones; Riesgo; Cumplimiento, según el control.",Reconnaissance; Resource Development; Initial Access; Impact; Fraud,GV; ID,SCSTG engagement planning; SCSVS governance context,draft
CSPTF-CTRL-GOV-002,CSPTF-DOM-01,GOV,Inventario y clasificación de activos digitales,,"Asegurar que inventario y clasificación de activos digitales se diseñe, implemente, opere y evidencie de forma proporcional al riesgo del ecosistema de activos digitales.","La organización DEBE definir, aprobar, implementar, monitorear y revisar inventario y clasificación de activos digitales, manteniendo evidencia trazable y excepciones formalmente aceptadas.",AP1,Política o diseño aprobado; configuración o artefacto técnico; registro operativo; evidencia de revisión; prueba de eficacia relacionada con inventario y clasificación de activos digitales.,"Seguridad; Ingeniería; Operaciones; Riesgo; Cumplimiento, según el control.",Reconnaissance; Resource Development; Initial Access; Impact; Fraud,GV; ID,SCSTG engagement planning; SCSVS governance context,draft
CSPTF-CTRL-GOV-003,CSPTF-DOM-01,GOV,Reglas de compromiso y autorización,,"Asegurar que reglas de compromiso y autorización se diseñe, implemente, opere y evidencie de forma proporcional al riesgo del ecosistema de activos digitales.","La organización DEBE definir, aprobar, implementar, monitorear y revisar reglas de compromiso y autorización, manteniendo evidencia trazable y excepciones formalmente aceptadas.",AP2,Política o diseño aprobado; configuración o artefacto técnico; registro operativo; evidencia de revisión; prueba de eficacia relacionada con reglas de compromiso y autorización.,"Seguridad; Ingeniería; Operaciones; Riesgo; Cumplimiento, según el control.",Reconnaissance; Resource Development; Initial Access; Impact; Fraud,GV; ID,SCSTG engagement planning; SCSVS governance context,draft
CSPTF-CTRL-GOV-004,CSPTF-DOM-01,GOV,Modelado de amenazas orientado al negocio,,"Asegurar que modelado de amenazas orientado al negocio se diseñe, implemente, opere y evidencie de forma proporcional al riesgo del ecosistema de activos digitales.","La organización DEBE definir, aprobar, implementar, monitorear y revisar modelado de amenazas orientado al negocio, manteniendo evidencia trazable y excepciones formalmente aceptadas.",AP2,Política o diseño aprobado; configuración o artefacto técnico; registro operativo; evidencia de revisión; prueba de eficacia relacionada con modelado de amenazas orientado al negocio.,"Seguridad; Ingeniería; Operaciones; Riesgo; Cumplimiento, según el control.",Reconnaissance; Resource Development; Initial Access; Impact; Fraud,GV; ID,SCSTG engagement planning; SCSVS governance context,draft
CSPTF-CTRL-GOV-005,CSPTF-DOM-01,GOV,Gestión de terceros y dependencias críticas,,"Asegurar que gestión de terceros y dependencias críticas se diseñe, implemente, opere y evidencie de forma proporcional al riesgo del ecosistema de activos digitales.","La organización DEBE definir, aprobar, implementar, monitorear y revisar gestión de terceros y dependencias críticas, manteniendo evidencia trazable y excepciones formalmente aceptadas.",AP2,Política o diseño aprobado; configuración o artefacto técnico; registro operativo; evidencia de revisión; prueba de eficacia relacionada con gestión de terceros y dependencias críticas.,"Seguridad; Ingeniería; Operaciones; Riesgo; Cumplimiento, según el control.",Reconnaissance; Resource Development; Initial Access; Impact; Fraud,GV; ID,SCSTG engagement planning; SCSVS governance context,draft
CSPTF-CTRL-GOV-006,CSPTF-DOM-01,GOV,"Presupuestos de riesgo, pérdida y transacción",,"Asegurar que presupuestos de riesgo, pérdida y transacción se diseñe, implemente, opere y evidencie de forma proporcional al riesgo del ecosistema de activos digitales.","La organización DEBE definir, aprobar, implementar, monitorear y revisar presupuestos de riesgo, pérdida y transacción, manteniendo evidencia trazable y excepciones formalmente aceptadas.",AP3,"Política o diseño aprobado; configuración o artefacto técnico; registro operativo; evidencia de revisión; prueba de eficacia relacionada con presupuestos de riesgo, pérdida y transacción.","Seguridad; Ingeniería; Operaciones; Riesgo; Cumplimiento, según el control.",Reconnaissance; Resource Development; Initial Access; Impact; Fraud,GV; ID,SCSTG engagement planning; SCSVS governance context,draft
CSPTF-CTRL-GOV-007,CSPTF-DOM-01,GOV,Gestión de cambios durante la evaluación,,"Asegurar que gestión de cambios durante la evaluación se diseñe, implemente, opere y evidencie de forma proporcional al riesgo del ecosistema de activos digitales.","La organización DEBE definir, aprobar, implementar, monitorear y revisar gestión de cambios durante la evaluación, manteniendo evidencia trazable y excepciones formalmente aceptadas.",AP3,Política o diseño aprobado; configuración o artefacto técnico; registro operativo; evidencia de revisión; prueba de eficacia relacionada con gestión de cambios durante la evaluación.,"Seguridad; Ingeniería; Operaciones; Riesgo; Cumplimiento, según el control.",Reconnaissance; Resource Development; Initial Access; Impact; Fraud,GV; ID,SCSTG engagement planning; SCSVS governance context,draft
CSPTF-CTRL-GOV-008,CSPTF-DOM-01,GOV,"Aceptación, excepción y cierre de hallazgos",,"Asegurar que aceptación, excepción y cierre de hallazgos se diseñe, implemente, opere y evidencie de forma proporcional al riesgo del ecosistema de activos digitales.","La organización DEBE definir, aprobar, implementar, monitorear y revisar aceptación, excepción y cierre de hallazgos, manteniendo evidencia trazable y excepciones formalmente aceptadas.",AP4,"Política o diseño aprobado; configuración o artefacto técnico; registro operativo; evidencia de revisión; prueba de eficacia relacionada con aceptación, excepción y cierre de hallazgos.","Seguridad; Ingeniería; Operaciones; Riesgo; Cumplimiento, según el control.",Reconnaissance; Resource Development; Initial Access; Impact; Fraud,GV; ID,SCSTG engagement planning; SCSVS governance context,draft
CSPTF-CTRL-ARC-001,CSPTF-DOM-02,ARC,Arquitectura documentada y versionada,,"Asegurar que arquitectura documentada y versionada se diseñe, implemente, opere y evidencie de forma proporcional al riesgo del ecosistema de activos digitales.","La organización DEBE definir, aprobar, implementar, monitorear y revisar arquitectura documentada y versionada, manteniendo evidencia trazable y excepciones formalmente aceptadas.",AP1,Política o diseño aprobado; configuración o artefacto técnico; registro operativo; evidencia de revisión; prueba de eficacia relacionada con arquitectura documentada y versionada.,"Seguridad; Ingeniería; Operaciones; Riesgo; Cumplimiento, según el control.",Execution; Privilege Escalation; Defense Evasion; Impact; Fraud,GV; ID; PR,SCSTG architecture and threat modeling; SCSVS architecture,draft
CSPTF-CTRL-ARC-002,CSPTF-DOM-02,ARC,Fronteras de confianza explícitas,,"Asegurar que fronteras de confianza explícitas se diseñe, implemente, opere y evidencie de forma proporcional al riesgo del ecosistema de activos digitales.","La organización DEBE definir, aprobar, implementar, monitorear y revisar fronteras de confianza explícitas, manteniendo evidencia trazable y excepciones formalmente aceptadas.",AP1,Política o diseño aprobado; configuración o artefacto técnico; registro operativo; evidencia de revisión; prueba de eficacia relacionada con fronteras de confianza explícitas.,"Seguridad; Ingeniería; Operaciones; Riesgo; Cumplimiento, según el control.",Execution; Privilege Escalation; Defense Evasion; Impact; Fraud,GV; ID; PR,SCSTG architecture and threat modeling; SCSVS architecture,draft
CSPTF-CTRL-ARC-003,CSPTF-DOM-02,ARC,Invariantes de seguridad y solvencia,,"Asegurar que invariantes de seguridad y solvencia se diseñe, implemente, opere y evidencie de forma proporcional al riesgo del ecosistema de activos digitales.","La organización DEBE definir, aprobar, implementar, monitorear y revisar invariantes de seguridad y solvencia, manteniendo evidencia trazable y excepciones formalmente aceptadas.",AP2,Política o diseño aprobado; configuración o artefacto técnico; registro operativo; evidencia de revisión; prueba de eficacia relacionada con invariantes de seguridad y solvencia.,"Seguridad; Ingeniería; Operaciones; Riesgo; Cumplimiento, según el control.",Execution; Privilege Escalation; Defense Evasion; Impact; Fraud,GV; ID; PR,SCSTG architecture and threat modeling; SCSVS architecture,draft
CSPTF-CTRL-ARC-004,CSPTF-DOM-02,ARC,Máquinas de estado completas,,"Asegurar que máquinas de estado completas se diseñe, implemente, opere y evidencie de forma proporcional al riesgo del ecosistema de activos digitales.","La organización DEBE definir, aprobar, implementar, monitorear y revisar máquinas de estado completas, manteniendo evidencia trazable y excepciones formalmente aceptadas.",AP2,Política o diseño aprobado; configuración o artefacto técnico; registro operativo; evidencia de revisión; prueba de eficacia relacionada con máquinas de estado completas.,"Seguridad; Ingeniería; Operaciones; Riesgo; Cumplimiento, según el control.",Execution; Privilege Escalation; Defense Evasion; Impact; Fraud,GV; ID; PR,SCSTG architecture and threat modeling; SCSVS architecture,draft
CSPTF-CTRL-ARC-005,CSPTF-DOM-02,ARC,Separación de funciones y planos,,"Asegurar que separación de funciones y planos se diseñe, implemente, opere y evidencie de forma proporcional al riesgo del ecosistema de activos digitales.","La organización DEBE definir, aprobar, implementar, monitorear y revisar separación de funciones y planos, manteniendo evidencia trazable y excepciones formalmente aceptadas.",AP2,Política o diseño aprobado; configuración o artefacto técnico; registro operativo; evidencia de revisión; prueba de eficacia relacionada con separación de funciones y planos.,"Seguridad; Ingeniería; Operaciones; Riesgo; Cumplimiento, según el control.",Execution; Privilege Escalation; Defense Evasion; Impact; Fraud,GV; ID; PR,SCSTG architecture and threat modeling; SCSVS architecture,draft
CSPTF-CTRL-ARC-006,CSPTF-DOM-02,ARC,Patrones seguros de actualización y migración,,"Asegurar que patrones seguros de actualización y migración se diseñe, implemente, opere y evidencie de forma proporcional al riesgo del ecosistema de activos digitales.","La organización DEBE definir, aprobar, implementar, monitorear y revisar patrones seguros de actualización y migración, manteniendo evidencia trazable y excepciones formalmente aceptadas.",AP3,Política o diseño aprobado; configuración o artefacto técnico; registro operativo; evidencia de revisión; prueba de eficacia relacionada con patrones seguros de actualización y migración.,"Seguridad; Ingeniería; Operaciones; Riesgo; Cumplimiento, según el control.",Execution; Privilege Escalation; Defense Evasion; Impact; Fraud,GV; ID; PR,SCSTG architecture and threat modeling; SCSVS architecture,draft
CSPTF-CTRL-ARC-007,CSPTF-DOM-02,ARC,Degradación segura y circuit breakers,,"Asegurar que degradación segura y circuit breakers se diseñe, implemente, opere y evidencie de forma proporcional al riesgo del ecosistema de activos digitales.","La organización DEBE definir, aprobar, implementar, monitorear y revisar degradación segura y circuit breakers, manteniendo evidencia trazable y excepciones formalmente aceptadas.",AP3,Política o diseño aprobado; configuración o artefacto técnico; registro operativo; evidencia de revisión; prueba de eficacia relacionada con degradación segura y circuit breakers.,"Seguridad; Ingeniería; Operaciones; Riesgo; Cumplimiento, según el control.",Execution; Privilege Escalation; Defense Evasion; Impact; Fraud,GV; ID; PR,SCSTG architecture and threat modeling; SCSVS architecture,draft
CSPTF-CTRL-ARC-008,CSPTF-DOM-02,ARC,Análisis de composabilidad y dependencias,,"Asegurar que análisis de composabilidad y dependencias se diseñe, implemente, opere y evidencie de forma proporcional al riesgo del ecosistema de activos digitales.","La organización DEBE definir, aprobar, implementar, monitorear y revisar análisis de composabilidad y dependencias, manteniendo evidencia trazable y excepciones formalmente aceptadas.",AP4,Política o diseño aprobado; configuración o artefacto técnico; registro operativo; evidencia de revisión; prueba de eficacia relacionada con análisis de composabilidad y dependencias.,"Seguridad; Ingeniería; Operaciones; Riesgo; Cumplimiento, según el control.",Execution; Privilege Escalation; Defense Evasion; Impact; Fraud,GV; ID; PR,SCSTG architecture and threat modeling; SCSVS architecture,draft
CSPTF-CTRL-CRY-001,CSPTF-DOM-03,CRY,Primitivas y parámetros aprobados,,"Asegurar que primitivas y parámetros aprobados se diseñe, implemente, opere y evidencie de forma proporcional al riesgo del ecosistema de activos digitales.","La organización DEBE definir, aprobar, implementar, monitorear y revisar primitivas y parámetros aprobados, manteniendo evidencia trazable y excepciones formalmente aceptadas.",AP1,Política o diseño aprobado; configuración o artefacto técnico; registro operativo; evidencia de revisión; prueba de eficacia relacionada con primitivas y parámetros aprobados.,"Seguridad; Ingeniería; Operaciones; Riesgo; Cumplimiento, según el control.",Credential Access; Execution; Defense Evasion; Impact; Fraud,PR,SCSTG cryptography; SCSVS cryptography,draft
CSPTF-CTRL-CRY-002,CSPTF-DOM-03,CRY,Generación de entropía y aleatoriedad,,"Asegurar que generación de entropía y aleatoriedad se diseñe, implemente, opere y evidencie de forma proporcional al riesgo del ecosistema de activos digitales.","La organización DEBE definir, aprobar, implementar, monitorear y revisar generación de entropía y aleatoriedad, manteniendo evidencia trazable y excepciones formalmente aceptadas.",AP1,Política o diseño aprobado; configuración o artefacto técnico; registro operativo; evidencia de revisión; prueba de eficacia relacionada con generación de entropía y aleatoriedad.,"Seguridad; Ingeniería; Operaciones; Riesgo; Cumplimiento, según el control.",Credential Access; Execution; Defense Evasion; Impact; Fraud,PR,SCSTG cryptography; SCSVS cryptography,draft
CSPTF-CTRL-CRY-003,CSPTF-DOM-03,CRY,Gestión segura de nonces,,"Asegurar que gestión segura de nonces se diseñe, implemente, opere y evidencie de forma proporcional al riesgo del ecosistema de activos digitales.","La organización DEBE definir, aprobar, implementar, monitorear y revisar gestión segura de nonces, manteniendo evidencia trazable y excepciones formalmente aceptadas.",AP2,Política o diseño aprobado; configuración o artefacto técnico; registro operativo; evidencia de revisión; prueba de eficacia relacionada con gestión segura de nonces.,"Seguridad; Ingeniería; Operaciones; Riesgo; Cumplimiento, según el control.",Credential Access; Execution; Defense Evasion; Impact; Fraud,PR,SCSTG cryptography; SCSVS cryptography,draft
CSPTF-CTRL-CRY-004,CSPTF-DOM-03,CRY,Validación canónica de firmas,,"Asegurar que validación canónica de firmas se diseñe, implemente, opere y evidencie de forma proporcional al riesgo del ecosistema de activos digitales.","La organización DEBE definir, aprobar, implementar, monitorear y revisar validación canónica de firmas, manteniendo evidencia trazable y excepciones formalmente aceptadas.",AP2,Política o diseño aprobado; configuración o artefacto técnico; registro operativo; evidencia de revisión; prueba de eficacia relacionada con validación canónica de firmas.,"Seguridad; Ingeniería; Operaciones; Riesgo; Cumplimiento, según el control.",Credential Access; Execution; Defense Evasion; Impact; Fraud,PR,SCSTG cryptography; SCSVS cryptography,draft
CSPTF-CTRL-CRY-005,CSPTF-DOM-03,CRY,Separación de dominios criptográficos,,"Asegurar que separación de dominios criptográficos se diseñe, implemente, opere y evidencie de forma proporcional al riesgo del ecosistema de activos digitales.","La organización DEBE definir, aprobar, implementar, monitorear y revisar separación de dominios criptográficos, manteniendo evidencia trazable y excepciones formalmente aceptadas.",AP2,Política o diseño aprobado; configuración o artefacto técnico; registro operativo; evidencia de revisión; prueba de eficacia relacionada con separación de dominios criptográficos.,"Seguridad; Ingeniería; Operaciones; Riesgo; Cumplimiento, según el control.",Credential Access; Execution; Defense Evasion; Impact; Fraud,PR,SCSTG cryptography; SCSVS cryptography,draft
CSPTF-CTRL-CRY-006,CSPTF-DOM-03,CRY,Protección contra replay y malleability,,"Asegurar que protección contra replay y malleability se diseñe, implemente, opere y evidencie de forma proporcional al riesgo del ecosistema de activos digitales.","La organización DEBE definir, aprobar, implementar, monitorear y revisar protección contra replay y malleability, manteniendo evidencia trazable y excepciones formalmente aceptadas.",AP3,Política o diseño aprobado; configuración o artefacto técnico; registro operativo; evidencia de revisión; prueba de eficacia relacionada con protección contra replay y malleability.,"Seguridad; Ingeniería; Operaciones; Riesgo; Cumplimiento, según el control.",Credential Access; Execution; Defense Evasion; Impact; Fraud,PR,SCSTG cryptography; SCSVS cryptography,draft
CSPTF-CTRL-CRY-007,CSPTF-DOM-03,CRY,Agilidad y migración criptográfica,,"Asegurar que agilidad y migración criptográfica se diseñe, implemente, opere y evidencie de forma proporcional al riesgo del ecosistema de activos digitales.","La organización DEBE definir, aprobar, implementar, monitorear y revisar agilidad y migración criptográfica, manteniendo evidencia trazable y excepciones formalmente aceptadas.",AP3,Política o diseño aprobado; configuración o artefacto técnico; registro operativo; evidencia de revisión; prueba de eficacia relacionada con agilidad y migración criptográfica.,"Seguridad; Ingeniería; Operaciones; Riesgo; Cumplimiento, según el control.",Credential Access; Execution; Defense Evasion; Impact; Fraud,PR,SCSTG cryptography; SCSVS cryptography,draft
CSPTF-CTRL-CRY-008,CSPTF-DOM-03,CRY,Verificación de implementaciones y bibliotecas,,"Asegurar que verificación de implementaciones y bibliotecas se diseñe, implemente, opere y evidencie de forma proporcional al riesgo del ecosistema de activos digitales.","La organización DEBE definir, aprobar, implementar, monitorear y revisar verificación de implementaciones y bibliotecas, manteniendo evidencia trazable y excepciones formalmente aceptadas.",AP4,Política o diseño aprobado; configuración o artefacto técnico; registro operativo; evidencia de revisión; prueba de eficacia relacionada con verificación de implementaciones y bibliotecas.,"Seguridad; Ingeniería; Operaciones; Riesgo; Cumplimiento, según el control.",Credential Access; Execution; Defense Evasion; Impact; Fraud,PR,SCSTG cryptography; SCSVS cryptography,draft
CSPTF-CTRL-KEY-001,CSPTF-DOM-04,KEY,Ceremonias de generación y respaldo,,"Asegurar que ceremonias de generación y respaldo se diseñe, implemente, opere y evidencie de forma proporcional al riesgo del ecosistema de activos digitales.","La organización DEBE definir, aprobar, implementar, monitorear y revisar ceremonias de generación y respaldo, manteniendo evidencia trazable y excepciones formalmente aceptadas.",AP1,Política o diseño aprobado; configuración o artefacto técnico; registro operativo; evidencia de revisión; prueba de eficacia relacionada con ceremonias de generación y respaldo.,"Seguridad; Ingeniería; Operaciones; Riesgo; Cumplimiento, según el control.",Credential Access; Collection; Defense Evasion; Impact; Fraud,PR; DE; RS,SCSTG authentication and authorization; SCSVS access control,draft
CSPTF-CTRL-KEY-002,CSPTF-DOM-04,KEY,Custodia segregada por propósito,,"Asegurar que custodia segregada por propósito se diseñe, implemente, opere y evidencie de forma proporcional al riesgo del ecosistema de activos digitales.","La organización DEBE definir, aprobar, implementar, monitorear y revisar custodia segregada por propósito, manteniendo evidencia trazable y excepciones formalmente aceptadas.",AP1,Política o diseño aprobado; configuración o artefacto técnico; registro operativo; evidencia de revisión; prueba de eficacia relacionada con custodia segregada por propósito.,"Seguridad; Ingeniería; Operaciones; Riesgo; Cumplimiento, según el control.",Credential Access; Collection; Defense Evasion; Impact; Fraud,PR; DE; RS,SCSTG authentication and authorization; SCSVS access control,draft
CSPTF-CTRL-KEY-003,CSPTF-DOM-04,KEY,Políticas de firma y límites,,"Asegurar que políticas de firma y límites se diseñe, implemente, opere y evidencie de forma proporcional al riesgo del ecosistema de activos digitales.","La organización DEBE definir, aprobar, implementar, monitorear y revisar políticas de firma y límites, manteniendo evidencia trazable y excepciones formalmente aceptadas.",AP2,Política o diseño aprobado; configuración o artefacto técnico; registro operativo; evidencia de revisión; prueba de eficacia relacionada con políticas de firma y límites.,"Seguridad; Ingeniería; Operaciones; Riesgo; Cumplimiento, según el control.",Credential Access; Collection; Defense Evasion; Impact; Fraud,PR; DE; RS,SCSTG authentication and authorization; SCSVS access control,draft
CSPTF-CTRL-KEY-004,CSPTF-DOM-04,KEY,"MPC, multisig y quorum",,"Asegurar que mpc, multisig y quorum se diseñe, implemente, opere y evidencie de forma proporcional al riesgo del ecosistema de activos digitales.","La organización DEBE definir, aprobar, implementar, monitorear y revisar mpc, multisig y quorum, manteniendo evidencia trazable y excepciones formalmente aceptadas.",AP2,"Política o diseño aprobado; configuración o artefacto técnico; registro operativo; evidencia de revisión; prueba de eficacia relacionada con mpc, multisig y quorum.","Seguridad; Ingeniería; Operaciones; Riesgo; Cumplimiento, según el control.",Credential Access; Collection; Defense Evasion; Impact; Fraud,PR; DE; RS,SCSTG authentication and authorization; SCSVS access control,draft
CSPTF-CTRL-KEY-005,CSPTF-DOM-04,KEY,Protección de hot wallets,,"Asegurar que protección de hot wallets se diseñe, implemente, opere y evidencie de forma proporcional al riesgo del ecosistema de activos digitales.","La organización DEBE definir, aprobar, implementar, monitorear y revisar protección de hot wallets, manteniendo evidencia trazable y excepciones formalmente aceptadas.",AP2,Política o diseño aprobado; configuración o artefacto técnico; registro operativo; evidencia de revisión; prueba de eficacia relacionada con protección de hot wallets.,"Seguridad; Ingeniería; Operaciones; Riesgo; Cumplimiento, según el control.",Credential Access; Collection; Defense Evasion; Impact; Fraud,PR; DE; RS,SCSTG authentication and authorization; SCSVS access control,draft
CSPTF-CTRL-KEY-006,CSPTF-DOM-04,KEY,Cold storage y movimiento controlado,,"Asegurar que cold storage y movimiento controlado se diseñe, implemente, opere y evidencie de forma proporcional al riesgo del ecosistema de activos digitales.","La organización DEBE definir, aprobar, implementar, monitorear y revisar cold storage y movimiento controlado, manteniendo evidencia trazable y excepciones formalmente aceptadas.",AP3,Política o diseño aprobado; configuración o artefacto técnico; registro operativo; evidencia de revisión; prueba de eficacia relacionada con cold storage y movimiento controlado.,"Seguridad; Ingeniería; Operaciones; Riesgo; Cumplimiento, según el control.",Credential Access; Collection; Defense Evasion; Impact; Fraud,PR; DE; RS,SCSTG authentication and authorization; SCSVS access control,draft
CSPTF-CTRL-KEY-007,CSPTF-DOM-04,KEY,"Rotación, recuperación y destrucción",,"Asegurar que rotación, recuperación y destrucción se diseñe, implemente, opere y evidencie de forma proporcional al riesgo del ecosistema de activos digitales.","La organización DEBE definir, aprobar, implementar, monitorear y revisar rotación, recuperación y destrucción, manteniendo evidencia trazable y excepciones formalmente aceptadas.",AP3,"Política o diseño aprobado; configuración o artefacto técnico; registro operativo; evidencia de revisión; prueba de eficacia relacionada con rotación, recuperación y destrucción.","Seguridad; Ingeniería; Operaciones; Riesgo; Cumplimiento, según el control.",Credential Access; Collection; Defense Evasion; Impact; Fraud,PR; DE; RS,SCSTG authentication and authorization; SCSVS access control,draft
CSPTF-CTRL-KEY-008,CSPTF-DOM-04,KEY,Monitoreo y respuesta ante compromiso,,"Asegurar que monitoreo y respuesta ante compromiso se diseñe, implemente, opere y evidencie de forma proporcional al riesgo del ecosistema de activos digitales.","La organización DEBE definir, aprobar, implementar, monitorear y revisar monitoreo y respuesta ante compromiso, manteniendo evidencia trazable y excepciones formalmente aceptadas.",AP4,Política o diseño aprobado; configuración o artefacto técnico; registro operativo; evidencia de revisión; prueba de eficacia relacionada con monitoreo y respuesta ante compromiso.,"Seguridad; Ingeniería; Operaciones; Riesgo; Cumplimiento, según el control.",Credential Access; Collection; Defense Evasion; Impact; Fraud,PR; DE; RS,SCSTG authentication and authorization; SCSVS access control,draft
CSPTF-CTRL-SCT-001,CSPTF-DOM-05,SCT,Trazabilidad fuente-bytecode,,"Asegurar que trazabilidad fuente-bytecode se diseñe, implemente, opere y evidencie de forma proporcional al riesgo del ecosistema de activos digitales.","La organización DEBE definir, aprobar, implementar, monitorear y revisar trazabilidad fuente-bytecode, manteniendo evidencia trazable y excepciones formalmente aceptadas.",AP1,Política o diseño aprobado; configuración o artefacto técnico; registro operativo; evidencia de revisión; prueba de eficacia relacionada con trazabilidad fuente-bytecode.,"Seguridad; Ingeniería; Operaciones; Riesgo; Cumplimiento, según el control.",Execution; Privilege Escalation; Defense Evasion; Impact; Fraud,ID; PR; DE,SCSTG test catalog; SCSVS requirements; SCWE weaknesses,draft
CSPTF-CTRL-SCT-002,CSPTF-DOM-05,SCT,Control de acceso y privilegios,,"Asegurar que control de acceso y privilegios se diseñe, implemente, opere y evidencie de forma proporcional al riesgo del ecosistema de activos digitales.","La organización DEBE definir, aprobar, implementar, monitorear y revisar control de acceso y privilegios, manteniendo evidencia trazable y excepciones formalmente aceptadas.",AP1,Política o diseño aprobado; configuración o artefacto técnico; registro operativo; evidencia de revisión; prueba de eficacia relacionada con control de acceso y privilegios.,"Seguridad; Ingeniería; Operaciones; Riesgo; Cumplimiento, según el control.",Execution; Privilege Escalation; Defense Evasion; Impact; Fraud,ID; PR; DE,SCSTG test catalog; SCSVS requirements; SCWE weaknesses,draft
CSPTF-CTRL-SCT-003,CSPTF-DOM-05,SCT,Manejo seguro de llamadas externas,,"Asegurar que manejo seguro de llamadas externas se diseñe, implemente, opere y evidencie de forma proporcional al riesgo del ecosistema de activos digitales.","La organización DEBE definir, aprobar, implementar, monitorear y revisar manejo seguro de llamadas externas, manteniendo evidencia trazable y excepciones formalmente aceptadas.",AP2,Política o diseño aprobado; configuración o artefacto técnico; registro operativo; evidencia de revisión; prueba de eficacia relacionada con manejo seguro de llamadas externas.,"Seguridad; Ingeniería; Operaciones; Riesgo; Cumplimiento, según el control.",Execution; Privilege Escalation; Defense Evasion; Impact; Fraud,ID; PR; DE,SCSTG test catalog; SCSVS requirements; SCWE weaknesses,draft
CSPTF-CTRL-SCT-004,CSPTF-DOM-05,SCT,Invariantes y contabilidad interna,,"Asegurar que invariantes y contabilidad interna se diseñe, implemente, opere y evidencie de forma proporcional al riesgo del ecosistema de activos digitales.","La organización DEBE definir, aprobar, implementar, monitorear y revisar invariantes y contabilidad interna, manteniendo evidencia trazable y excepciones formalmente aceptadas.",AP2,Política o diseño aprobado; configuración o artefacto técnico; registro operativo; evidencia de revisión; prueba de eficacia relacionada con invariantes y contabilidad interna.,"Seguridad; Ingeniería; Operaciones; Riesgo; Cumplimiento, según el control.",Execution; Privilege Escalation; Defense Evasion; Impact; Fraud,ID; PR; DE,SCSTG test catalog; SCSVS requirements; SCWE weaknesses,draft
CSPTF-CTRL-SCT-005,CSPTF-DOM-05,SCT,Actualización y almacenamiento seguro,,"Asegurar que actualización y almacenamiento seguro se diseñe, implemente, opere y evidencie de forma proporcional al riesgo del ecosistema de activos digitales.","La organización DEBE definir, aprobar, implementar, monitorear y revisar actualización y almacenamiento seguro, manteniendo evidencia trazable y excepciones formalmente aceptadas.",AP2,Política o diseño aprobado; configuración o artefacto técnico; registro operativo; evidencia de revisión; prueba de eficacia relacionada con actualización y almacenamiento seguro.,"Seguridad; Ingeniería; Operaciones; Riesgo; Cumplimiento, según el control.",Execution; Privilege Escalation; Defense Evasion; Impact; Fraud,ID; PR; DE,SCSTG test catalog; SCSVS requirements; SCWE weaknesses,draft
CSPTF-CTRL-SCT-006,CSPTF-DOM-05,SCT,Resistencia a DoS y consumo de gas,,"Asegurar que resistencia a dos y consumo de gas se diseñe, implemente, opere y evidencie de forma proporcional al riesgo del ecosistema de activos digitales.","La organización DEBE definir, aprobar, implementar, monitorear y revisar resistencia a dos y consumo de gas, manteniendo evidencia trazable y excepciones formalmente aceptadas.",AP3,Política o diseño aprobado; configuración o artefacto técnico; registro operativo; evidencia de revisión; prueba de eficacia relacionada con resistencia a dos y consumo de gas.,"Seguridad; Ingeniería; Operaciones; Riesgo; Cumplimiento, según el control.",Execution; Privilege Escalation; Defense Evasion; Impact; Fraud,ID; PR; DE,SCSTG test catalog; SCSVS requirements; SCWE weaknesses,draft
CSPTF-CTRL-SCT-007,CSPTF-DOM-05,SCT,Validación de entradas y estados,,"Asegurar que validación de entradas y estados se diseñe, implemente, opere y evidencie de forma proporcional al riesgo del ecosistema de activos digitales.","La organización DEBE definir, aprobar, implementar, monitorear y revisar validación de entradas y estados, manteniendo evidencia trazable y excepciones formalmente aceptadas.",AP3,Política o diseño aprobado; configuración o artefacto técnico; registro operativo; evidencia de revisión; prueba de eficacia relacionada con validación de entradas y estados.,"Seguridad; Ingeniería; Operaciones; Riesgo; Cumplimiento, según el control.",Execution; Privilege Escalation; Defense Evasion; Impact; Fraud,ID; PR; DE,SCSTG test catalog; SCSVS requirements; SCWE weaknesses,draft
CSPTF-CTRL-SCT-008,CSPTF-DOM-05,SCT,Pruebas automatizadas y revisión independiente,,"Asegurar que pruebas automatizadas y revisión independiente se diseñe, implemente, opere y evidencie de forma proporcional al riesgo del ecosistema de activos digitales.","La organización DEBE definir, aprobar, implementar, monitorear y revisar pruebas automatizadas y revisión independiente, manteniendo evidencia trazable y excepciones formalmente aceptadas.",AP4,Política o diseño aprobado; configuración o artefacto técnico; registro operativo; evidencia de revisión; prueba de eficacia relacionada con pruebas automatizadas y revisión independiente.,"Seguridad; Ingeniería; Operaciones; Riesgo; Cumplimiento, según el control.",Execution; Privilege Escalation; Defense Evasion; Impact; Fraud,ID; PR; DE,SCSTG test catalog; SCSVS requirements; SCWE weaknesses,draft
CSPTF-CTRL-DAP-001,CSPTF-DOM-06,DAP,Integridad de frontend y distribución,,"Asegurar que integridad de frontend y distribución se diseñe, implemente, opere y evidencie de forma proporcional al riesgo del ecosistema de activos digitales.","La organización DEBE definir, aprobar, implementar, monitorear y revisar integridad de frontend y distribución, manteniendo evidencia trazable y excepciones formalmente aceptadas.",AP1,Política o diseño aprobado; configuración o artefacto técnico; registro operativo; evidencia de revisión; prueba de eficacia relacionada con integridad de frontend y distribución.,"Seguridad; Ingeniería; Operaciones; Riesgo; Cumplimiento, según el control.",Initial Access; Execution; Credential Access; Collection; Fraud,PR; DE,SCSTG dApp and client interaction; SCSVS communications,draft
CSPTF-CTRL-DAP-002,CSPTF-DOM-06,DAP,Vinculación segura de sesión y wallet,,"Asegurar que vinculación segura de sesión y wallet se diseñe, implemente, opere y evidencie de forma proporcional al riesgo del ecosistema de activos digitales.","La organización DEBE definir, aprobar, implementar, monitorear y revisar vinculación segura de sesión y wallet, manteniendo evidencia trazable y excepciones formalmente aceptadas.",AP1,Política o diseño aprobado; configuración o artefacto técnico; registro operativo; evidencia de revisión; prueba de eficacia relacionada con vinculación segura de sesión y wallet.,"Seguridad; Ingeniería; Operaciones; Riesgo; Cumplimiento, según el control.",Initial Access; Execution; Credential Access; Collection; Fraud,PR; DE,SCSTG dApp and client interaction; SCSVS communications,draft
CSPTF-CTRL-DAP-003,CSPTF-DOM-06,DAP,Presentación clara de solicitudes de firma,,"Asegurar que presentación clara de solicitudes de firma se diseñe, implemente, opere y evidencie de forma proporcional al riesgo del ecosistema de activos digitales.","La organización DEBE definir, aprobar, implementar, monitorear y revisar presentación clara de solicitudes de firma, manteniendo evidencia trazable y excepciones formalmente aceptadas.",AP2,Política o diseño aprobado; configuración o artefacto técnico; registro operativo; evidencia de revisión; prueba de eficacia relacionada con presentación clara de solicitudes de firma.,"Seguridad; Ingeniería; Operaciones; Riesgo; Cumplimiento, según el control.",Initial Access; Execution; Credential Access; Collection; Fraud,PR; DE,SCSTG dApp and client interaction; SCSVS communications,draft
CSPTF-CTRL-DAP-004,CSPTF-DOM-06,DAP,"Validación de red, cadena y contrato",,"Asegurar que validación de red, cadena y contrato se diseñe, implemente, opere y evidencie de forma proporcional al riesgo del ecosistema de activos digitales.","La organización DEBE definir, aprobar, implementar, monitorear y revisar validación de red, cadena y contrato, manteniendo evidencia trazable y excepciones formalmente aceptadas.",AP2,"Política o diseño aprobado; configuración o artefacto técnico; registro operativo; evidencia de revisión; prueba de eficacia relacionada con validación de red, cadena y contrato.","Seguridad; Ingeniería; Operaciones; Riesgo; Cumplimiento, según el control.",Initial Access; Execution; Credential Access; Collection; Fraud,PR; DE,SCSTG dApp and client interaction; SCSVS communications,draft
CSPTF-CTRL-DAP-005,CSPTF-DOM-06,DAP,Autenticación y autorización off-chain,,"Asegurar que autenticación y autorización off-chain se diseñe, implemente, opere y evidencie de forma proporcional al riesgo del ecosistema de activos digitales.","La organización DEBE definir, aprobar, implementar, monitorear y revisar autenticación y autorización off-chain, manteniendo evidencia trazable y excepciones formalmente aceptadas.",AP2,Política o diseño aprobado; configuración o artefacto técnico; registro operativo; evidencia de revisión; prueba de eficacia relacionada con autenticación y autorización off-chain.,"Seguridad; Ingeniería; Operaciones; Riesgo; Cumplimiento, según el control.",Initial Access; Execution; Credential Access; Collection; Fraud,PR; DE,SCSTG dApp and client interaction; SCSVS communications,draft
CSPTF-CTRL-DAP-006,CSPTF-DOM-06,DAP,Protección de APIs y secretos de cliente,,"Asegurar que protección de apis y secretos de cliente se diseñe, implemente, opere y evidencie de forma proporcional al riesgo del ecosistema de activos digitales.","La organización DEBE definir, aprobar, implementar, monitorear y revisar protección de apis y secretos de cliente, manteniendo evidencia trazable y excepciones formalmente aceptadas.",AP3,Política o diseño aprobado; configuración o artefacto técnico; registro operativo; evidencia de revisión; prueba de eficacia relacionada con protección de apis y secretos de cliente.,"Seguridad; Ingeniería; Operaciones; Riesgo; Cumplimiento, según el control.",Initial Access; Execution; Credential Access; Collection; Fraud,PR; DE,SCSTG dApp and client interaction; SCSVS communications,draft
CSPTF-CTRL-DAP-007,CSPTF-DOM-06,DAP,"Seguridad de contenido, DNS y dependencias",,"Asegurar que seguridad de contenido, dns y dependencias se diseñe, implemente, opere y evidencie de forma proporcional al riesgo del ecosistema de activos digitales.","La organización DEBE definir, aprobar, implementar, monitorear y revisar seguridad de contenido, dns y dependencias, manteniendo evidencia trazable y excepciones formalmente aceptadas.",AP3,"Política o diseño aprobado; configuración o artefacto técnico; registro operativo; evidencia de revisión; prueba de eficacia relacionada con seguridad de contenido, dns y dependencias.","Seguridad; Ingeniería; Operaciones; Riesgo; Cumplimiento, según el control.",Initial Access; Execution; Credential Access; Collection; Fraud,PR; DE,SCSTG dApp and client interaction; SCSVS communications,draft
CSPTF-CTRL-DAP-008,CSPTF-DOM-06,DAP,Detección de manipulación y respuesta,,"Asegurar que detección de manipulación y respuesta se diseñe, implemente, opere y evidencie de forma proporcional al riesgo del ecosistema de activos digitales.","La organización DEBE definir, aprobar, implementar, monitorear y revisar detección de manipulación y respuesta, manteniendo evidencia trazable y excepciones formalmente aceptadas.",AP4,Política o diseño aprobado; configuración o artefacto técnico; registro operativo; evidencia de revisión; prueba de eficacia relacionada con detección de manipulación y respuesta.,"Seguridad; Ingeniería; Operaciones; Riesgo; Cumplimiento, según el control.",Initial Access; Execution; Credential Access; Collection; Fraud,PR; DE,SCSTG dApp and client interaction; SCSVS communications,draft
CSPTF-CTRL-TOK-001,CSPTF-DOM-07,TOK,Modelo de emisión y supply,,"Asegurar que modelo de emisión y supply se diseñe, implemente, opere y evidencie de forma proporcional al riesgo del ecosistema de activos digitales.","La organización DEBE definir, aprobar, implementar, monitorear y revisar modelo de emisión y supply, manteniendo evidencia trazable y excepciones formalmente aceptadas.",AP1,Política o diseño aprobado; configuración o artefacto técnico; registro operativo; evidencia de revisión; prueba de eficacia relacionada con modelo de emisión y supply.,"Seguridad; Ingeniería; Operaciones; Riesgo; Cumplimiento, según el control.",Execution; Privilege Escalation; Impact; Fraud,PR; DE,SCSTG token interactions; SCSVS business logic,draft
CSPTF-CTRL-TOK-002,CSPTF-DOM-07,TOK,Autorización de mint y burn,,"Asegurar que autorización de mint y burn se diseñe, implemente, opere y evidencie de forma proporcional al riesgo del ecosistema de activos digitales.","La organización DEBE definir, aprobar, implementar, monitorear y revisar autorización de mint y burn, manteniendo evidencia trazable y excepciones formalmente aceptadas.",AP1,Política o diseño aprobado; configuración o artefacto técnico; registro operativo; evidencia de revisión; prueba de eficacia relacionada con autorización de mint y burn.,"Seguridad; Ingeniería; Operaciones; Riesgo; Cumplimiento, según el control.",Execution; Privilege Escalation; Impact; Fraud,PR; DE,SCSTG token interactions; SCSVS business logic,draft
CSPTF-CTRL-TOK-003,CSPTF-DOM-07,TOK,"Transferencias, hooks y callbacks",,"Asegurar que transferencias, hooks y callbacks se diseñe, implemente, opere y evidencie de forma proporcional al riesgo del ecosistema de activos digitales.","La organización DEBE definir, aprobar, implementar, monitorear y revisar transferencias, hooks y callbacks, manteniendo evidencia trazable y excepciones formalmente aceptadas.",AP2,"Política o diseño aprobado; configuración o artefacto técnico; registro operativo; evidencia de revisión; prueba de eficacia relacionada con transferencias, hooks y callbacks.","Seguridad; Ingeniería; Operaciones; Riesgo; Cumplimiento, según el control.",Execution; Privilege Escalation; Impact; Fraud,PR; DE,SCSTG token interactions; SCSVS business logic,draft
CSPTF-CTRL-TOK-004,CSPTF-DOM-07,TOK,"Allowances, approvals y permisos",,"Asegurar que allowances, approvals y permisos se diseñe, implemente, opere y evidencie de forma proporcional al riesgo del ecosistema de activos digitales.","La organización DEBE definir, aprobar, implementar, monitorear y revisar allowances, approvals y permisos, manteniendo evidencia trazable y excepciones formalmente aceptadas.",AP2,"Política o diseño aprobado; configuración o artefacto técnico; registro operativo; evidencia de revisión; prueba de eficacia relacionada con allowances, approvals y permisos.","Seguridad; Ingeniería; Operaciones; Riesgo; Cumplimiento, según el control.",Execution; Privilege Escalation; Impact; Fraud,PR; DE,SCSTG token interactions; SCSVS business logic,draft
CSPTF-CTRL-TOK-005,CSPTF-DOM-07,TOK,Metadata y contenido direccionable,,"Asegurar que metadata y contenido direccionable se diseñe, implemente, opere y evidencie de forma proporcional al riesgo del ecosistema de activos digitales.","La organización DEBE definir, aprobar, implementar, monitorear y revisar metadata y contenido direccionable, manteniendo evidencia trazable y excepciones formalmente aceptadas.",AP2,Política o diseño aprobado; configuración o artefacto técnico; registro operativo; evidencia de revisión; prueba de eficacia relacionada con metadata y contenido direccionable.,"Seguridad; Ingeniería; Operaciones; Riesgo; Cumplimiento, según el control.",Execution; Privilege Escalation; Impact; Fraud,PR; DE,SCSTG token interactions; SCSVS business logic,draft
CSPTF-CTRL-TOK-006,CSPTF-DOM-07,TOK,Compatibilidad e interoperabilidad,,"Asegurar que compatibilidad e interoperabilidad se diseñe, implemente, opere y evidencie de forma proporcional al riesgo del ecosistema de activos digitales.","La organización DEBE definir, aprobar, implementar, monitorear y revisar compatibilidad e interoperabilidad, manteniendo evidencia trazable y excepciones formalmente aceptadas.",AP3,Política o diseño aprobado; configuración o artefacto técnico; registro operativo; evidencia de revisión; prueba de eficacia relacionada con compatibilidad e interoperabilidad.,"Seguridad; Ingeniería; Operaciones; Riesgo; Cumplimiento, según el control.",Execution; Privilege Escalation; Impact; Fraud,PR; DE,SCSTG token interactions; SCSVS business logic,draft
CSPTF-CTRL-TOK-007,CSPTF-DOM-07,TOK,"Administración, pausa y recuperación",,"Asegurar que administración, pausa y recuperación se diseñe, implemente, opere y evidencie de forma proporcional al riesgo del ecosistema de activos digitales.","La organización DEBE definir, aprobar, implementar, monitorear y revisar administración, pausa y recuperación, manteniendo evidencia trazable y excepciones formalmente aceptadas.",AP3,"Política o diseño aprobado; configuración o artefacto técnico; registro operativo; evidencia de revisión; prueba de eficacia relacionada con administración, pausa y recuperación.","Seguridad; Ingeniería; Operaciones; Riesgo; Cumplimiento, según el control.",Execution; Privilege Escalation; Impact; Fraud,PR; DE,SCSTG token interactions; SCSVS business logic,draft
CSPTF-CTRL-TOK-008,CSPTF-DOM-07,TOK,Monitoreo de anomalías del activo,,"Asegurar que monitoreo de anomalías del activo se diseñe, implemente, opere y evidencie de forma proporcional al riesgo del ecosistema de activos digitales.","La organización DEBE definir, aprobar, implementar, monitorear y revisar monitoreo de anomalías del activo, manteniendo evidencia trazable y excepciones formalmente aceptadas.",AP4,Política o diseño aprobado; configuración o artefacto técnico; registro operativo; evidencia de revisión; prueba de eficacia relacionada con monitoreo de anomalías del activo.,"Seguridad; Ingeniería; Operaciones; Riesgo; Cumplimiento, según el control.",Execution; Privilege Escalation; Impact; Fraud,PR; DE,SCSTG token interactions; SCSVS business logic,draft
CSPTF-CTRL-DEF-001,CSPTF-DOM-08,DEF,Invariantes económicas y solvencia,,"Asegurar que invariantes económicas y solvencia se diseñe, implemente, opere y evidencie de forma proporcional al riesgo del ecosistema de activos digitales.","La organización DEBE definir, aprobar, implementar, monitorear y revisar invariantes económicas y solvencia, manteniendo evidencia trazable y excepciones formalmente aceptadas.",AP1,Política o diseño aprobado; configuración o artefacto técnico; registro operativo; evidencia de revisión; prueba de eficacia relacionada con invariantes económicas y solvencia.,"Seguridad; Ingeniería; Operaciones; Riesgo; Cumplimiento, según el control.",Execution; Impact; Fraud,ID; PR; DE,SCSTG DeFi and economic testing; SCSVS business logic,draft
CSPTF-CTRL-DEF-002,CSPTF-DOM-08,DEF,Modelos de precio y deslizamiento,,"Asegurar que modelos de precio y deslizamiento se diseñe, implemente, opere y evidencie de forma proporcional al riesgo del ecosistema de activos digitales.","La organización DEBE definir, aprobar, implementar, monitorear y revisar modelos de precio y deslizamiento, manteniendo evidencia trazable y excepciones formalmente aceptadas.",AP1,Política o diseño aprobado; configuración o artefacto técnico; registro operativo; evidencia de revisión; prueba de eficacia relacionada con modelos de precio y deslizamiento.,"Seguridad; Ingeniería; Operaciones; Riesgo; Cumplimiento, según el control.",Execution; Impact; Fraud,ID; PR; DE,SCSTG DeFi and economic testing; SCSVS business logic,draft
CSPTF-CTRL-DEF-003,CSPTF-DOM-08,DEF,Colateralización y liquidación,,"Asegurar que colateralización y liquidación se diseñe, implemente, opere y evidencie de forma proporcional al riesgo del ecosistema de activos digitales.","La organización DEBE definir, aprobar, implementar, monitorear y revisar colateralización y liquidación, manteniendo evidencia trazable y excepciones formalmente aceptadas.",AP2,Política o diseño aprobado; configuración o artefacto técnico; registro operativo; evidencia de revisión; prueba de eficacia relacionada con colateralización y liquidación.,"Seguridad; Ingeniería; Operaciones; Riesgo; Cumplimiento, según el control.",Execution; Impact; Fraud,ID; PR; DE,SCSTG DeFi and economic testing; SCSVS business logic,draft
CSPTF-CTRL-DEF-004,CSPTF-DOM-08,DEF,Resistencia a manipulación temporal,,"Asegurar que resistencia a manipulación temporal se diseñe, implemente, opere y evidencie de forma proporcional al riesgo del ecosistema de activos digitales.","La organización DEBE definir, aprobar, implementar, monitorear y revisar resistencia a manipulación temporal, manteniendo evidencia trazable y excepciones formalmente aceptadas.",AP2,Política o diseño aprobado; configuración o artefacto técnico; registro operativo; evidencia de revisión; prueba de eficacia relacionada con resistencia a manipulación temporal.,"Seguridad; Ingeniería; Operaciones; Riesgo; Cumplimiento, según el control.",Execution; Impact; Fraud,ID; PR; DE,SCSTG DeFi and economic testing; SCSVS business logic,draft
CSPTF-CTRL-DEF-005,CSPTF-DOM-08,DEF,"Límites, caps y circuit breakers",,"Asegurar que límites, caps y circuit breakers se diseñe, implemente, opere y evidencie de forma proporcional al riesgo del ecosistema de activos digitales.","La organización DEBE definir, aprobar, implementar, monitorear y revisar límites, caps y circuit breakers, manteniendo evidencia trazable y excepciones formalmente aceptadas.",AP2,"Política o diseño aprobado; configuración o artefacto técnico; registro operativo; evidencia de revisión; prueba de eficacia relacionada con límites, caps y circuit breakers.","Seguridad; Ingeniería; Operaciones; Riesgo; Cumplimiento, según el control.",Execution; Impact; Fraud,ID; PR; DE,SCSTG DeFi and economic testing; SCSVS business logic,draft
CSPTF-CTRL-DEF-006,CSPTF-DOM-08,DEF,"Contabilidad de fees, shares y rewards",,"Asegurar que contabilidad de fees, shares y rewards se diseñe, implemente, opere y evidencie de forma proporcional al riesgo del ecosistema de activos digitales.","La organización DEBE definir, aprobar, implementar, monitorear y revisar contabilidad de fees, shares y rewards, manteniendo evidencia trazable y excepciones formalmente aceptadas.",AP3,"Política o diseño aprobado; configuración o artefacto técnico; registro operativo; evidencia de revisión; prueba de eficacia relacionada con contabilidad de fees, shares y rewards.","Seguridad; Ingeniería; Operaciones; Riesgo; Cumplimiento, según el control.",Execution; Impact; Fraud,ID; PR; DE,SCSTG DeFi and economic testing; SCSVS business logic,draft
CSPTF-CTRL-DEF-007,CSPTF-DOM-08,DEF,Riesgo de composabilidad y dependencia,,"Asegurar que riesgo de composabilidad y dependencia se diseñe, implemente, opere y evidencie de forma proporcional al riesgo del ecosistema de activos digitales.","La organización DEBE definir, aprobar, implementar, monitorear y revisar riesgo de composabilidad y dependencia, manteniendo evidencia trazable y excepciones formalmente aceptadas.",AP3,Política o diseño aprobado; configuración o artefacto técnico; registro operativo; evidencia de revisión; prueba de eficacia relacionada con riesgo de composabilidad y dependencia.,"Seguridad; Ingeniería; Operaciones; Riesgo; Cumplimiento, según el control.",Execution; Impact; Fraud,ID; PR; DE,SCSTG DeFi and economic testing; SCSVS business logic,draft
CSPTF-CTRL-DEF-008,CSPTF-DOM-08,DEF,Simulación económica y monitoreo,,"Asegurar que simulación económica y monitoreo se diseñe, implemente, opere y evidencie de forma proporcional al riesgo del ecosistema de activos digitales.","La organización DEBE definir, aprobar, implementar, monitorear y revisar simulación económica y monitoreo, manteniendo evidencia trazable y excepciones formalmente aceptadas.",AP4,Política o diseño aprobado; configuración o artefacto técnico; registro operativo; evidencia de revisión; prueba de eficacia relacionada con simulación económica y monitoreo.,"Seguridad; Ingeniería; Operaciones; Riesgo; Cumplimiento, según el control.",Execution; Impact; Fraud,ID; PR; DE,SCSTG DeFi and economic testing; SCSVS business logic,draft
CSPTF-CTRL-ORA-001,CSPTF-DOM-09,ORA,Diversidad y gobernanza de fuentes,,"Asegurar que diversidad y gobernanza de fuentes se diseñe, implemente, opere y evidencie de forma proporcional al riesgo del ecosistema de activos digitales.","La organización DEBE definir, aprobar, implementar, monitorear y revisar diversidad y gobernanza de fuentes, manteniendo evidencia trazable y excepciones formalmente aceptadas.",AP1,Política o diseño aprobado; configuración o artefacto técnico; registro operativo; evidencia de revisión; prueba de eficacia relacionada con diversidad y gobernanza de fuentes.,"Seguridad; Ingeniería; Operaciones; Riesgo; Cumplimiento, según el control.",Execution; Defense Evasion; Impact; Fraud,PR; DE; RS,SCSTG oracle security; SCSVS oracle controls,draft
CSPTF-CTRL-ORA-002,CSPTF-DOM-09,ORA,"Frescura, heartbeat y staleness",,"Asegurar que frescura, heartbeat y staleness se diseñe, implemente, opere y evidencie de forma proporcional al riesgo del ecosistema de activos digitales.","La organización DEBE definir, aprobar, implementar, monitorear y revisar frescura, heartbeat y staleness, manteniendo evidencia trazable y excepciones formalmente aceptadas.",AP1,"Política o diseño aprobado; configuración o artefacto técnico; registro operativo; evidencia de revisión; prueba de eficacia relacionada con frescura, heartbeat y staleness.","Seguridad; Ingeniería; Operaciones; Riesgo; Cumplimiento, según el control.",Execution; Defense Evasion; Impact; Fraud,PR; DE; RS,SCSTG oracle security; SCSVS oracle controls,draft
CSPTF-CTRL-ORA-003,CSPTF-DOM-09,ORA,Agregación y tolerancia a outliers,,"Asegurar que agregación y tolerancia a outliers se diseñe, implemente, opere y evidencie de forma proporcional al riesgo del ecosistema de activos digitales.","La organización DEBE definir, aprobar, implementar, monitorear y revisar agregación y tolerancia a outliers, manteniendo evidencia trazable y excepciones formalmente aceptadas.",AP2,Política o diseño aprobado; configuración o artefacto técnico; registro operativo; evidencia de revisión; prueba de eficacia relacionada con agregación y tolerancia a outliers.,"Seguridad; Ingeniería; Operaciones; Riesgo; Cumplimiento, según el control.",Execution; Defense Evasion; Impact; Fraud,PR; DE; RS,SCSTG oracle security; SCSVS oracle controls,draft
CSPTF-CTRL-ORA-004,CSPTF-DOM-09,ORA,Autenticidad e integridad de datos,,"Asegurar que autenticidad e integridad de datos se diseñe, implemente, opere y evidencie de forma proporcional al riesgo del ecosistema de activos digitales.","La organización DEBE definir, aprobar, implementar, monitorear y revisar autenticidad e integridad de datos, manteniendo evidencia trazable y excepciones formalmente aceptadas.",AP2,Política o diseño aprobado; configuración o artefacto técnico; registro operativo; evidencia de revisión; prueba de eficacia relacionada con autenticidad e integridad de datos.,"Seguridad; Ingeniería; Operaciones; Riesgo; Cumplimiento, según el control.",Execution; Defense Evasion; Impact; Fraud,PR; DE; RS,SCSTG oracle security; SCSVS oracle controls,draft
CSPTF-CTRL-ORA-005,CSPTF-DOM-09,ORA,Fallbacks y degradación segura,,"Asegurar que fallbacks y degradación segura se diseñe, implemente, opere y evidencie de forma proporcional al riesgo del ecosistema de activos digitales.","La organización DEBE definir, aprobar, implementar, monitorear y revisar fallbacks y degradación segura, manteniendo evidencia trazable y excepciones formalmente aceptadas.",AP2,Política o diseño aprobado; configuración o artefacto técnico; registro operativo; evidencia de revisión; prueba de eficacia relacionada con fallbacks y degradación segura.,"Seguridad; Ingeniería; Operaciones; Riesgo; Cumplimiento, según el control.",Execution; Defense Evasion; Impact; Fraud,PR; DE; RS,SCSTG oracle security; SCSVS oracle controls,draft
CSPTF-CTRL-ORA-006,CSPTF-DOM-09,ORA,Seguridad de keepers y automatización,,"Asegurar que seguridad de keepers y automatización se diseñe, implemente, opere y evidencie de forma proporcional al riesgo del ecosistema de activos digitales.","La organización DEBE definir, aprobar, implementar, monitorear y revisar seguridad de keepers y automatización, manteniendo evidencia trazable y excepciones formalmente aceptadas.",AP3,Política o diseño aprobado; configuración o artefacto técnico; registro operativo; evidencia de revisión; prueba de eficacia relacionada con seguridad de keepers y automatización.,"Seguridad; Ingeniería; Operaciones; Riesgo; Cumplimiento, según el control.",Execution; Defense Evasion; Impact; Fraud,PR; DE; RS,SCSTG oracle security; SCSVS oracle controls,draft
CSPTF-CTRL-ORA-007,CSPTF-DOM-09,ORA,Límites de uso y sanity checks,,"Asegurar que límites de uso y sanity checks se diseñe, implemente, opere y evidencie de forma proporcional al riesgo del ecosistema de activos digitales.","La organización DEBE definir, aprobar, implementar, monitorear y revisar límites de uso y sanity checks, manteniendo evidencia trazable y excepciones formalmente aceptadas.",AP3,Política o diseño aprobado; configuración o artefacto técnico; registro operativo; evidencia de revisión; prueba de eficacia relacionada con límites de uso y sanity checks.,"Seguridad; Ingeniería; Operaciones; Riesgo; Cumplimiento, según el control.",Execution; Defense Evasion; Impact; Fraud,PR; DE; RS,SCSTG oracle security; SCSVS oracle controls,draft
CSPTF-CTRL-ORA-008,CSPTF-DOM-09,ORA,Monitoreo y respuesta de oráculos,,"Asegurar que monitoreo y respuesta de oráculos se diseñe, implemente, opere y evidencie de forma proporcional al riesgo del ecosistema de activos digitales.","La organización DEBE definir, aprobar, implementar, monitorear y revisar monitoreo y respuesta de oráculos, manteniendo evidencia trazable y excepciones formalmente aceptadas.",AP4,Política o diseño aprobado; configuración o artefacto técnico; registro operativo; evidencia de revisión; prueba de eficacia relacionada con monitoreo y respuesta de oráculos.,"Seguridad; Ingeniería; Operaciones; Riesgo; Cumplimiento, según el control.",Execution; Defense Evasion; Impact; Fraud,PR; DE; RS,SCSTG oracle security; SCSVS oracle controls,draft
CSPTF-CTRL-BRG-001,CSPTF-DOM-10,BRG,Modelo de confianza cross-chain,,"Asegurar que modelo de confianza cross-chain se diseñe, implemente, opere y evidencie de forma proporcional al riesgo del ecosistema de activos digitales.","La organización DEBE definir, aprobar, implementar, monitorear y revisar modelo de confianza cross-chain, manteniendo evidencia trazable y excepciones formalmente aceptadas.",AP1,Política o diseño aprobado; configuración o artefacto técnico; registro operativo; evidencia de revisión; prueba de eficacia relacionada con modelo de confianza cross-chain.,"Seguridad; Ingeniería; Operaciones; Riesgo; Cumplimiento, según el control.",Initial Access; Execution; Credential Access; Impact; Fraud,ID; PR; DE; RS,SCSTG cross-contract and cross-chain interactions,draft
CSPTF-CTRL-BRG-002,CSPTF-DOM-10,BRG,Autenticidad y unicidad de mensajes,,"Asegurar que autenticidad y unicidad de mensajes se diseñe, implemente, opere y evidencie de forma proporcional al riesgo del ecosistema de activos digitales.","La organización DEBE definir, aprobar, implementar, monitorear y revisar autenticidad y unicidad de mensajes, manteniendo evidencia trazable y excepciones formalmente aceptadas.",AP1,Política o diseño aprobado; configuración o artefacto técnico; registro operativo; evidencia de revisión; prueba de eficacia relacionada con autenticidad y unicidad de mensajes.,"Seguridad; Ingeniería; Operaciones; Riesgo; Cumplimiento, según el control.",Initial Access; Execution; Credential Access; Impact; Fraud,ID; PR; DE; RS,SCSTG cross-contract and cross-chain interactions,draft
CSPTF-CTRL-BRG-003,CSPTF-DOM-10,BRG,Finalidad y manejo de reorganizaciones,,"Asegurar que finalidad y manejo de reorganizaciones se diseñe, implemente, opere y evidencie de forma proporcional al riesgo del ecosistema de activos digitales.","La organización DEBE definir, aprobar, implementar, monitorear y revisar finalidad y manejo de reorganizaciones, manteniendo evidencia trazable y excepciones formalmente aceptadas.",AP2,Política o diseño aprobado; configuración o artefacto técnico; registro operativo; evidencia de revisión; prueba de eficacia relacionada con finalidad y manejo de reorganizaciones.,"Seguridad; Ingeniería; Operaciones; Riesgo; Cumplimiento, según el control.",Initial Access; Execution; Credential Access; Impact; Fraud,ID; PR; DE; RS,SCSTG cross-contract and cross-chain interactions,draft
CSPTF-CTRL-BRG-004,CSPTF-DOM-10,BRG,Custodia y respaldo de activos,,"Asegurar que custodia y respaldo de activos se diseñe, implemente, opere y evidencie de forma proporcional al riesgo del ecosistema de activos digitales.","La organización DEBE definir, aprobar, implementar, monitorear y revisar custodia y respaldo de activos, manteniendo evidencia trazable y excepciones formalmente aceptadas.",AP2,Política o diseño aprobado; configuración o artefacto técnico; registro operativo; evidencia de revisión; prueba de eficacia relacionada con custodia y respaldo de activos.,"Seguridad; Ingeniería; Operaciones; Riesgo; Cumplimiento, según el control.",Initial Access; Execution; Credential Access; Impact; Fraud,ID; PR; DE; RS,SCSTG cross-contract and cross-chain interactions,draft
CSPTF-CTRL-BRG-005,CSPTF-DOM-10,BRG,"Validadores, relayers y quorum",,"Asegurar que validadores, relayers y quorum se diseñe, implemente, opere y evidencie de forma proporcional al riesgo del ecosistema de activos digitales.","La organización DEBE definir, aprobar, implementar, monitorear y revisar validadores, relayers y quorum, manteniendo evidencia trazable y excepciones formalmente aceptadas.",AP2,"Política o diseño aprobado; configuración o artefacto técnico; registro operativo; evidencia de revisión; prueba de eficacia relacionada con validadores, relayers y quorum.","Seguridad; Ingeniería; Operaciones; Riesgo; Cumplimiento, según el control.",Initial Access; Execution; Credential Access; Impact; Fraud,ID; PR; DE; RS,SCSTG cross-contract and cross-chain interactions,draft
CSPTF-CTRL-BRG-006,CSPTF-DOM-10,BRG,Coherencia semántica entre cadenas,,"Asegurar que coherencia semántica entre cadenas se diseñe, implemente, opere y evidencie de forma proporcional al riesgo del ecosistema de activos digitales.","La organización DEBE definir, aprobar, implementar, monitorear y revisar coherencia semántica entre cadenas, manteniendo evidencia trazable y excepciones formalmente aceptadas.",AP3,Política o diseño aprobado; configuración o artefacto técnico; registro operativo; evidencia de revisión; prueba de eficacia relacionada con coherencia semántica entre cadenas.,"Seguridad; Ingeniería; Operaciones; Riesgo; Cumplimiento, según el control.",Initial Access; Execution; Credential Access; Impact; Fraud,ID; PR; DE; RS,SCSTG cross-contract and cross-chain interactions,draft
CSPTF-CTRL-BRG-007,CSPTF-DOM-10,BRG,"Rate limits, caps y pausas",,"Asegurar que rate limits, caps y pausas se diseñe, implemente, opere y evidencie de forma proporcional al riesgo del ecosistema de activos digitales.","La organización DEBE definir, aprobar, implementar, monitorear y revisar rate limits, caps y pausas, manteniendo evidencia trazable y excepciones formalmente aceptadas.",AP3,"Política o diseño aprobado; configuración o artefacto técnico; registro operativo; evidencia de revisión; prueba de eficacia relacionada con rate limits, caps y pausas.","Seguridad; Ingeniería; Operaciones; Riesgo; Cumplimiento, según el control.",Initial Access; Execution; Credential Access; Impact; Fraud,ID; PR; DE; RS,SCSTG cross-contract and cross-chain interactions,draft
CSPTF-CTRL-BRG-008,CSPTF-DOM-10,BRG,Monitoreo y reconciliación cross-chain,,"Asegurar que monitoreo y reconciliación cross-chain se diseñe, implemente, opere y evidencie de forma proporcional al riesgo del ecosistema de activos digitales.","La organización DEBE definir, aprobar, implementar, monitorear y revisar monitoreo y reconciliación cross-chain, manteniendo evidencia trazable y excepciones formalmente aceptadas.",AP4,Política o diseño aprobado; configuración o artefacto técnico; registro operativo; evidencia de revisión; prueba de eficacia relacionada con monitoreo y reconciliación cross-chain.,"Seguridad; Ingeniería; Operaciones; Riesgo; Cumplimiento, según el control.",Initial Access; Execution; Credential Access; Impact; Fraud,ID; PR; DE; RS,SCSTG cross-contract and cross-chain interactions,draft
CSPTF-CTRL-NET-001,CSPTF-DOM-11,NET,Configuración de consenso y génesis,,"Asegurar que configuración de consenso y génesis se diseñe, implemente, opere y evidencie de forma proporcional al riesgo del ecosistema de activos digitales.","La organización DEBE definir, aprobar, implementar, monitorear y revisar configuración de consenso y génesis, manteniendo evidencia trazable y excepciones formalmente aceptadas.",AP1,Política o diseño aprobado; configuración o artefacto técnico; registro operativo; evidencia de revisión; prueba de eficacia relacionada con configuración de consenso y génesis.,"Seguridad; Ingeniería; Operaciones; Riesgo; Cumplimiento, según el control.",Resource Development; Initial Access; Execution; Lateral Movement; Impact,PR; DE; RC,OWASP scope is partial; CSPTF extension,draft
CSPTF-CTRL-NET-002,CSPTF-DOM-11,NET,Diversidad y endurecimiento de clientes,,"Asegurar que diversidad y endurecimiento de clientes se diseñe, implemente, opere y evidencie de forma proporcional al riesgo del ecosistema de activos digitales.","La organización DEBE definir, aprobar, implementar, monitorear y revisar diversidad y endurecimiento de clientes, manteniendo evidencia trazable y excepciones formalmente aceptadas.",AP1,Política o diseño aprobado; configuración o artefacto técnico; registro operativo; evidencia de revisión; prueba de eficacia relacionada con diversidad y endurecimiento de clientes.,"Seguridad; Ingeniería; Operaciones; Riesgo; Cumplimiento, según el control.",Resource Development; Initial Access; Execution; Lateral Movement; Impact,PR; DE; RC,OWASP scope is partial; CSPTF extension,draft
CSPTF-CTRL-NET-003,CSPTF-DOM-11,NET,Gestión de identidades de validador,,"Asegurar que gestión de identidades de validador se diseñe, implemente, opere y evidencie de forma proporcional al riesgo del ecosistema de activos digitales.","La organización DEBE definir, aprobar, implementar, monitorear y revisar gestión de identidades de validador, manteniendo evidencia trazable y excepciones formalmente aceptadas.",AP2,Política o diseño aprobado; configuración o artefacto técnico; registro operativo; evidencia de revisión; prueba de eficacia relacionada con gestión de identidades de validador.,"Seguridad; Ingeniería; Operaciones; Riesgo; Cumplimiento, según el control.",Resource Development; Initial Access; Execution; Lateral Movement; Impact,PR; DE; RC,OWASP scope is partial; CSPTF extension,draft
CSPTF-CTRL-NET-004,CSPTF-DOM-11,NET,Seguridad P2P y peer management,,"Asegurar que seguridad p2p y peer management se diseñe, implemente, opere y evidencie de forma proporcional al riesgo del ecosistema de activos digitales.","La organización DEBE definir, aprobar, implementar, monitorear y revisar seguridad p2p y peer management, manteniendo evidencia trazable y excepciones formalmente aceptadas.",AP2,Política o diseño aprobado; configuración o artefacto técnico; registro operativo; evidencia de revisión; prueba de eficacia relacionada con seguridad p2p y peer management.,"Seguridad; Ingeniería; Operaciones; Riesgo; Cumplimiento, según el control.",Resource Development; Initial Access; Execution; Lateral Movement; Impact,PR; DE; RC,OWASP scope is partial; CSPTF extension,draft
CSPTF-CTRL-NET-005,CSPTF-DOM-11,NET,Mempool y propagación de transacciones,,"Asegurar que mempool y propagación de transacciones se diseñe, implemente, opere y evidencie de forma proporcional al riesgo del ecosistema de activos digitales.","La organización DEBE definir, aprobar, implementar, monitorear y revisar mempool y propagación de transacciones, manteniendo evidencia trazable y excepciones formalmente aceptadas.",AP2,Política o diseño aprobado; configuración o artefacto técnico; registro operativo; evidencia de revisión; prueba de eficacia relacionada con mempool y propagación de transacciones.,"Seguridad; Ingeniería; Operaciones; Riesgo; Cumplimiento, según el control.",Resource Development; Initial Access; Execution; Lateral Movement; Impact,PR; DE; RC,OWASP scope is partial; CSPTF extension,draft
CSPTF-CTRL-NET-006,CSPTF-DOM-11,NET,"Sincronización, checkpoints y estado",,"Asegurar que sincronización, checkpoints y estado se diseñe, implemente, opere y evidencie de forma proporcional al riesgo del ecosistema de activos digitales.","La organización DEBE definir, aprobar, implementar, monitorear y revisar sincronización, checkpoints y estado, manteniendo evidencia trazable y excepciones formalmente aceptadas.",AP3,"Política o diseño aprobado; configuración o artefacto técnico; registro operativo; evidencia de revisión; prueba de eficacia relacionada con sincronización, checkpoints y estado.","Seguridad; Ingeniería; Operaciones; Riesgo; Cumplimiento, según el control.",Resource Development; Initial Access; Execution; Lateral Movement; Impact,PR; DE; RC,OWASP scope is partial; CSPTF extension,draft
CSPTF-CTRL-NET-007,CSPTF-DOM-11,NET,Protección contra slashing y equivocación,,"Asegurar que protección contra slashing y equivocación se diseñe, implemente, opere y evidencie de forma proporcional al riesgo del ecosistema de activos digitales.","La organización DEBE definir, aprobar, implementar, monitorear y revisar protección contra slashing y equivocación, manteniendo evidencia trazable y excepciones formalmente aceptadas.",AP3,Política o diseño aprobado; configuración o artefacto técnico; registro operativo; evidencia de revisión; prueba de eficacia relacionada con protección contra slashing y equivocación.,"Seguridad; Ingeniería; Operaciones; Riesgo; Cumplimiento, según el control.",Resource Development; Initial Access; Execution; Lateral Movement; Impact,PR; DE; RC,OWASP scope is partial; CSPTF extension,draft
CSPTF-CTRL-NET-008,CSPTF-DOM-11,NET,"Monitoreo, disponibilidad y recuperación",,"Asegurar que monitoreo, disponibilidad y recuperación se diseñe, implemente, opere y evidencie de forma proporcional al riesgo del ecosistema de activos digitales.","La organización DEBE definir, aprobar, implementar, monitorear y revisar monitoreo, disponibilidad y recuperación, manteniendo evidencia trazable y excepciones formalmente aceptadas.",AP4,"Política o diseño aprobado; configuración o artefacto técnico; registro operativo; evidencia de revisión; prueba de eficacia relacionada con monitoreo, disponibilidad y recuperación.","Seguridad; Ingeniería; Operaciones; Riesgo; Cumplimiento, según el control.",Resource Development; Initial Access; Execution; Lateral Movement; Impact,PR; DE; RC,OWASP scope is partial; CSPTF extension,draft
CSPTF-CTRL-L2-001,CSPTF-DOM-12,L2,Modelo de seguridad L1/L2,,"Asegurar que modelo de seguridad l1/l2 se diseñe, implemente, opere y evidencie de forma proporcional al riesgo del ecosistema de activos digitales.","La organización DEBE definir, aprobar, implementar, monitorear y revisar modelo de seguridad l1/l2, manteniendo evidencia trazable y excepciones formalmente aceptadas.",AP1,Política o diseño aprobado; configuración o artefacto técnico; registro operativo; evidencia de revisión; prueba de eficacia relacionada con modelo de seguridad l1/l2.,"Seguridad; Ingeniería; Operaciones; Riesgo; Cumplimiento, según el control.",Execution; Privilege Escalation; Defense Evasion; Impact; Fraud,ID; PR; DE; RC,OWASP scope is partial; CSPTF extension,draft
CSPTF-CTRL-L2-002,CSPTF-DOM-12,L2,Integridad de batches y secuenciación,,"Asegurar que integridad de batches y secuenciación se diseñe, implemente, opere y evidencie de forma proporcional al riesgo del ecosistema de activos digitales.","La organización DEBE definir, aprobar, implementar, monitorear y revisar integridad de batches y secuenciación, manteniendo evidencia trazable y excepciones formalmente aceptadas.",AP1,Política o diseño aprobado; configuración o artefacto técnico; registro operativo; evidencia de revisión; prueba de eficacia relacionada con integridad de batches y secuenciación.,"Seguridad; Ingeniería; Operaciones; Riesgo; Cumplimiento, según el control.",Execution; Privilege Escalation; Defense Evasion; Impact; Fraud,ID; PR; DE; RC,OWASP scope is partial; CSPTF extension,draft
CSPTF-CTRL-L2-003,CSPTF-DOM-12,L2,Pruebas de fraude o validez,,"Asegurar que pruebas de fraude o validez se diseñe, implemente, opere y evidencie de forma proporcional al riesgo del ecosistema de activos digitales.","La organización DEBE definir, aprobar, implementar, monitorear y revisar pruebas de fraude o validez, manteniendo evidencia trazable y excepciones formalmente aceptadas.",AP2,Política o diseño aprobado; configuración o artefacto técnico; registro operativo; evidencia de revisión; prueba de eficacia relacionada con pruebas de fraude o validez.,"Seguridad; Ingeniería; Operaciones; Riesgo; Cumplimiento, según el control.",Execution; Privilege Escalation; Defense Evasion; Impact; Fraud,ID; PR; DE; RC,OWASP scope is partial; CSPTF extension,draft
CSPTF-CTRL-L2-004,CSPTF-DOM-12,L2,Disponibilidad y publicación de datos,,"Asegurar que disponibilidad y publicación de datos se diseñe, implemente, opere y evidencie de forma proporcional al riesgo del ecosistema de activos digitales.","La organización DEBE definir, aprobar, implementar, monitorear y revisar disponibilidad y publicación de datos, manteniendo evidencia trazable y excepciones formalmente aceptadas.",AP2,Política o diseño aprobado; configuración o artefacto técnico; registro operativo; evidencia de revisión; prueba de eficacia relacionada con disponibilidad y publicación de datos.,"Seguridad; Ingeniería; Operaciones; Riesgo; Cumplimiento, según el control.",Execution; Privilege Escalation; Defense Evasion; Impact; Fraud,ID; PR; DE; RC,OWASP scope is partial; CSPTF extension,draft
CSPTF-CTRL-L2-005,CSPTF-DOM-12,L2,Puente canónico y mensajería,,"Asegurar que puente canónico y mensajería se diseñe, implemente, opere y evidencie de forma proporcional al riesgo del ecosistema de activos digitales.","La organización DEBE definir, aprobar, implementar, monitorear y revisar puente canónico y mensajería, manteniendo evidencia trazable y excepciones formalmente aceptadas.",AP2,Política o diseño aprobado; configuración o artefacto técnico; registro operativo; evidencia de revisión; prueba de eficacia relacionada con puente canónico y mensajería.,"Seguridad; Ingeniería; Operaciones; Riesgo; Cumplimiento, según el control.",Execution; Privilege Escalation; Defense Evasion; Impact; Fraud,ID; PR; DE; RC,OWASP scope is partial; CSPTF extension,draft
CSPTF-CTRL-L2-006,CSPTF-DOM-12,L2,"Censura, forced inclusion y escape",,"Asegurar que censura, forced inclusion y escape se diseñe, implemente, opere y evidencie de forma proporcional al riesgo del ecosistema de activos digitales.","La organización DEBE definir, aprobar, implementar, monitorear y revisar censura, forced inclusion y escape, manteniendo evidencia trazable y excepciones formalmente aceptadas.",AP3,"Política o diseño aprobado; configuración o artefacto técnico; registro operativo; evidencia de revisión; prueba de eficacia relacionada con censura, forced inclusion y escape.","Seguridad; Ingeniería; Operaciones; Riesgo; Cumplimiento, según el control.",Execution; Privilege Escalation; Defense Evasion; Impact; Fraud,ID; PR; DE; RC,OWASP scope is partial; CSPTF extension,draft
CSPTF-CTRL-L2-007,CSPTF-DOM-12,L2,Actualizaciones y claves administrativas,,"Asegurar que actualizaciones y claves administrativas se diseñe, implemente, opere y evidencie de forma proporcional al riesgo del ecosistema de activos digitales.","La organización DEBE definir, aprobar, implementar, monitorear y revisar actualizaciones y claves administrativas, manteniendo evidencia trazable y excepciones formalmente aceptadas.",AP3,Política o diseño aprobado; configuración o artefacto técnico; registro operativo; evidencia de revisión; prueba de eficacia relacionada con actualizaciones y claves administrativas.,"Seguridad; Ingeniería; Operaciones; Riesgo; Cumplimiento, según el control.",Execution; Privilege Escalation; Defense Evasion; Impact; Fraud,ID; PR; DE; RC,OWASP scope is partial; CSPTF extension,draft
CSPTF-CTRL-L2-008,CSPTF-DOM-12,L2,Monitoreo de estado y discrepancias,,"Asegurar que monitoreo de estado y discrepancias se diseñe, implemente, opere y evidencie de forma proporcional al riesgo del ecosistema de activos digitales.","La organización DEBE definir, aprobar, implementar, monitorear y revisar monitoreo de estado y discrepancias, manteniendo evidencia trazable y excepciones formalmente aceptadas.",AP4,Política o diseño aprobado; configuración o artefacto técnico; registro operativo; evidencia de revisión; prueba de eficacia relacionada con monitoreo de estado y discrepancias.,"Seguridad; Ingeniería; Operaciones; Riesgo; Cumplimiento, según el control.",Execution; Privilege Escalation; Defense Evasion; Impact; Fraud,ID; PR; DE; RC,OWASP scope is partial; CSPTF extension,draft
CSPTF-CTRL-CEX-001,CSPTF-DOM-13,CEX,Seguridad de cuentas y autenticación,,"Asegurar que seguridad de cuentas y autenticación se diseñe, implemente, opere y evidencie de forma proporcional al riesgo del ecosistema de activos digitales.","La organización DEBE definir, aprobar, implementar, monitorear y revisar seguridad de cuentas y autenticación, manteniendo evidencia trazable y excepciones formalmente aceptadas.",AP1,Política o diseño aprobado; configuración o artefacto técnico; registro operativo; evidencia de revisión; prueba de eficacia relacionada con seguridad de cuentas y autenticación.,"Seguridad; Ingeniería; Operaciones; Riesgo; Cumplimiento, según el control.",Initial Access; Credential Access; Lateral Movement; Collection; Impact; Fraud,GV; PR; DE; RS; RC,OWASP scope is partial; CSPTF extension,draft
CSPTF-CTRL-CEX-002,CSPTF-DOM-13,CEX,Integridad de órdenes y matching,,"Asegurar que integridad de órdenes y matching se diseñe, implemente, opere y evidencie de forma proporcional al riesgo del ecosistema de activos digitales.","La organización DEBE definir, aprobar, implementar, monitorear y revisar integridad de órdenes y matching, manteniendo evidencia trazable y excepciones formalmente aceptadas.",AP1,Política o diseño aprobado; configuración o artefacto técnico; registro operativo; evidencia de revisión; prueba de eficacia relacionada con integridad de órdenes y matching.,"Seguridad; Ingeniería; Operaciones; Riesgo; Cumplimiento, según el control.",Initial Access; Credential Access; Lateral Movement; Collection; Impact; Fraud,GV; PR; DE; RS; RC,OWASP scope is partial; CSPTF extension,draft
CSPTF-CTRL-CEX-003,CSPTF-DOM-13,CEX,"Depósitos, confirmaciones y atribución",,"Asegurar que depósitos, confirmaciones y atribución se diseñe, implemente, opere y evidencie de forma proporcional al riesgo del ecosistema de activos digitales.","La organización DEBE definir, aprobar, implementar, monitorear y revisar depósitos, confirmaciones y atribución, manteniendo evidencia trazable y excepciones formalmente aceptadas.",AP2,"Política o diseño aprobado; configuración o artefacto técnico; registro operativo; evidencia de revisión; prueba de eficacia relacionada con depósitos, confirmaciones y atribución.","Seguridad; Ingeniería; Operaciones; Riesgo; Cumplimiento, según el control.",Initial Access; Credential Access; Lateral Movement; Collection; Impact; Fraud,GV; PR; DE; RS; RC,OWASP scope is partial; CSPTF extension,draft
CSPTF-CTRL-CEX-004,CSPTF-DOM-13,CEX,"Retiros, límites y aprobaciones",,"Asegurar que retiros, límites y aprobaciones se diseñe, implemente, opere y evidencie de forma proporcional al riesgo del ecosistema de activos digitales.","La organización DEBE definir, aprobar, implementar, monitorear y revisar retiros, límites y aprobaciones, manteniendo evidencia trazable y excepciones formalmente aceptadas.",AP2,"Política o diseño aprobado; configuración o artefacto técnico; registro operativo; evidencia de revisión; prueba de eficacia relacionada con retiros, límites y aprobaciones.","Seguridad; Ingeniería; Operaciones; Riesgo; Cumplimiento, según el control.",Initial Access; Credential Access; Lateral Movement; Collection; Impact; Fraud,GV; PR; DE; RS; RC,OWASP scope is partial; CSPTF extension,draft
CSPTF-CTRL-CEX-005,CSPTF-DOM-13,CEX,Custodia y tesorería segregadas,,"Asegurar que custodia y tesorería segregadas se diseñe, implemente, opere y evidencie de forma proporcional al riesgo del ecosistema de activos digitales.","La organización DEBE definir, aprobar, implementar, monitorear y revisar custodia y tesorería segregadas, manteniendo evidencia trazable y excepciones formalmente aceptadas.",AP2,Política o diseño aprobado; configuración o artefacto técnico; registro operativo; evidencia de revisión; prueba de eficacia relacionada con custodia y tesorería segregadas.,"Seguridad; Ingeniería; Operaciones; Riesgo; Cumplimiento, según el control.",Initial Access; Credential Access; Lateral Movement; Collection; Impact; Fraud,GV; PR; DE; RS; RC,OWASP scope is partial; CSPTF extension,draft
CSPTF-CTRL-CEX-006,CSPTF-DOM-13,CEX,Market data y prevención de abuso,,"Asegurar que market data y prevención de abuso se diseñe, implemente, opere y evidencie de forma proporcional al riesgo del ecosistema de activos digitales.","La organización DEBE definir, aprobar, implementar, monitorear y revisar market data y prevención de abuso, manteniendo evidencia trazable y excepciones formalmente aceptadas.",AP3,Política o diseño aprobado; configuración o artefacto técnico; registro operativo; evidencia de revisión; prueba de eficacia relacionada con market data y prevención de abuso.,"Seguridad; Ingeniería; Operaciones; Riesgo; Cumplimiento, según el control.",Initial Access; Credential Access; Lateral Movement; Collection; Impact; Fraud,GV; PR; DE; RS; RC,OWASP scope is partial; CSPTF extension,draft
CSPTF-CTRL-CEX-007,CSPTF-DOM-13,CEX,"Reservas, pasivos y reconciliación",,"Asegurar que reservas, pasivos y reconciliación se diseñe, implemente, opere y evidencie de forma proporcional al riesgo del ecosistema de activos digitales.","La organización DEBE definir, aprobar, implementar, monitorear y revisar reservas, pasivos y reconciliación, manteniendo evidencia trazable y excepciones formalmente aceptadas.",AP3,"Política o diseño aprobado; configuración o artefacto técnico; registro operativo; evidencia de revisión; prueba de eficacia relacionada con reservas, pasivos y reconciliación.","Seguridad; Ingeniería; Operaciones; Riesgo; Cumplimiento, según el control.",Initial Access; Credential Access; Lateral Movement; Collection; Impact; Fraud,GV; PR; DE; RS; RC,OWASP scope is partial; CSPTF extension,draft
CSPTF-CTRL-CEX-008,CSPTF-DOM-13,CEX,"Fraude, monitoreo y continuidad operacional",,"Asegurar que fraude, monitoreo y continuidad operacional se diseñe, implemente, opere y evidencie de forma proporcional al riesgo del ecosistema de activos digitales.","La organización DEBE definir, aprobar, implementar, monitorear y revisar fraude, monitoreo y continuidad operacional, manteniendo evidencia trazable y excepciones formalmente aceptadas.",AP4,"Política o diseño aprobado; configuración o artefacto técnico; registro operativo; evidencia de revisión; prueba de eficacia relacionada con fraude, monitoreo y continuidad operacional.","Seguridad; Ingeniería; Operaciones; Riesgo; Cumplimiento, según el control.",Initial Access; Credential Access; Lateral Movement; Collection; Impact; Fraud,GV; PR; DE; RS; RC,OWASP scope is partial; CSPTF extension,draft
CSPTF-CTRL-API-001,CSPTF-DOM-14,API,Inventario y clasificación de interfaces,,"Asegurar que inventario y clasificación de interfaces se diseñe, implemente, opere y evidencie de forma proporcional al riesgo del ecosistema de activos digitales.","La organización DEBE definir, aprobar, implementar, monitorear y revisar inventario y clasificación de interfaces, manteniendo evidencia trazable y excepciones formalmente aceptadas.",AP1,Política o diseño aprobado; configuración o artefacto técnico; registro operativo; evidencia de revisión; prueba de eficacia relacionada con inventario y clasificación de interfaces.,"Seguridad; Ingeniería; Operaciones; Riesgo; Cumplimiento, según el control.",Reconnaissance; Initial Access; Execution; Credential Access; Collection; Impact,PR; DE,OWASP API Security Top 10; SCSTG RPC interactions,draft
CSPTF-CTRL-API-002,CSPTF-DOM-14,API,Autenticación y gestión de credenciales,,"Asegurar que autenticación y gestión de credenciales se diseñe, implemente, opere y evidencie de forma proporcional al riesgo del ecosistema de activos digitales.","La organización DEBE definir, aprobar, implementar, monitorear y revisar autenticación y gestión de credenciales, manteniendo evidencia trazable y excepciones formalmente aceptadas.",AP1,Política o diseño aprobado; configuración o artefacto técnico; registro operativo; evidencia de revisión; prueba de eficacia relacionada con autenticación y gestión de credenciales.,"Seguridad; Ingeniería; Operaciones; Riesgo; Cumplimiento, según el control.",Reconnaissance; Initial Access; Execution; Credential Access; Collection; Impact,PR; DE,OWASP API Security Top 10; SCSTG RPC interactions,draft
CSPTF-CTRL-API-003,CSPTF-DOM-14,API,Autorización por objeto y función,,"Asegurar que autorización por objeto y función se diseñe, implemente, opere y evidencie de forma proporcional al riesgo del ecosistema de activos digitales.","La organización DEBE definir, aprobar, implementar, monitorear y revisar autorización por objeto y función, manteniendo evidencia trazable y excepciones formalmente aceptadas.",AP2,Política o diseño aprobado; configuración o artefacto técnico; registro operativo; evidencia de revisión; prueba de eficacia relacionada con autorización por objeto y función.,"Seguridad; Ingeniería; Operaciones; Riesgo; Cumplimiento, según el control.",Reconnaissance; Initial Access; Execution; Credential Access; Collection; Impact,PR; DE,OWASP API Security Top 10; SCSTG RPC interactions,draft
CSPTF-CTRL-API-004,CSPTF-DOM-14,API,Métodos RPC y superficies administrativas,,"Asegurar que métodos rpc y superficies administrativas se diseñe, implemente, opere y evidencie de forma proporcional al riesgo del ecosistema de activos digitales.","La organización DEBE definir, aprobar, implementar, monitorear y revisar métodos rpc y superficies administrativas, manteniendo evidencia trazable y excepciones formalmente aceptadas.",AP2,Política o diseño aprobado; configuración o artefacto técnico; registro operativo; evidencia de revisión; prueba de eficacia relacionada con métodos rpc y superficies administrativas.,"Seguridad; Ingeniería; Operaciones; Riesgo; Cumplimiento, según el control.",Reconnaissance; Initial Access; Execution; Credential Access; Collection; Impact,PR; DE,OWASP API Security Top 10; SCSTG RPC interactions,draft
CSPTF-CTRL-API-005,CSPTF-DOM-14,API,"Rate limiting, cuotas y antiabuso",,"Asegurar que rate limiting, cuotas y antiabuso se diseñe, implemente, opere y evidencie de forma proporcional al riesgo del ecosistema de activos digitales.","La organización DEBE definir, aprobar, implementar, monitorear y revisar rate limiting, cuotas y antiabuso, manteniendo evidencia trazable y excepciones formalmente aceptadas.",AP2,"Política o diseño aprobado; configuración o artefacto técnico; registro operativo; evidencia de revisión; prueba de eficacia relacionada con rate limiting, cuotas y antiabuso.","Seguridad; Ingeniería; Operaciones; Riesgo; Cumplimiento, según el control.",Reconnaissance; Initial Access; Execution; Credential Access; Collection; Impact,PR; DE,OWASP API Security Top 10; SCSTG RPC interactions,draft
CSPTF-CTRL-API-006,CSPTF-DOM-14,API,Validación de entradas y salidas,,"Asegurar que validación de entradas y salidas se diseñe, implemente, opere y evidencie de forma proporcional al riesgo del ecosistema de activos digitales.","La organización DEBE definir, aprobar, implementar, monitorear y revisar validación de entradas y salidas, manteniendo evidencia trazable y excepciones formalmente aceptadas.",AP3,Política o diseño aprobado; configuración o artefacto técnico; registro operativo; evidencia de revisión; prueba de eficacia relacionada con validación de entradas y salidas.,"Seguridad; Ingeniería; Operaciones; Riesgo; Cumplimiento, según el control.",Reconnaissance; Initial Access; Execution; Credential Access; Collection; Impact,PR; DE,OWASP API Security Top 10; SCSTG RPC interactions,draft
CSPTF-CTRL-API-007,CSPTF-DOM-14,API,"Webhooks, WebSocket y eventos",,"Asegurar que webhooks, websocket y eventos se diseñe, implemente, opere y evidencie de forma proporcional al riesgo del ecosistema de activos digitales.","La organización DEBE definir, aprobar, implementar, monitorear y revisar webhooks, websocket y eventos, manteniendo evidencia trazable y excepciones formalmente aceptadas.",AP3,"Política o diseño aprobado; configuración o artefacto técnico; registro operativo; evidencia de revisión; prueba de eficacia relacionada con webhooks, websocket y eventos.","Seguridad; Ingeniería; Operaciones; Riesgo; Cumplimiento, según el control.",Reconnaissance; Initial Access; Execution; Credential Access; Collection; Impact,PR; DE,OWASP API Security Top 10; SCSTG RPC interactions,draft
CSPTF-CTRL-API-008,CSPTF-DOM-14,API,"Observabilidad, versionado y retiro seguro",,"Asegurar que observabilidad, versionado y retiro seguro se diseñe, implemente, opere y evidencie de forma proporcional al riesgo del ecosistema de activos digitales.","La organización DEBE definir, aprobar, implementar, monitorear y revisar observabilidad, versionado y retiro seguro, manteniendo evidencia trazable y excepciones formalmente aceptadas.",AP4,"Política o diseño aprobado; configuración o artefacto técnico; registro operativo; evidencia de revisión; prueba de eficacia relacionada con observabilidad, versionado y retiro seguro.","Seguridad; Ingeniería; Operaciones; Riesgo; Cumplimiento, según el control.",Reconnaissance; Initial Access; Execution; Credential Access; Collection; Impact,PR; DE,OWASP API Security Top 10; SCSTG RPC interactions,draft
CSPTF-CTRL-INF-001,CSPTF-DOM-15,INF,Arquitectura cloud y segmentación,,"Asegurar que arquitectura cloud y segmentación se diseñe, implemente, opere y evidencie de forma proporcional al riesgo del ecosistema de activos digitales.","La organización DEBE definir, aprobar, implementar, monitorear y revisar arquitectura cloud y segmentación, manteniendo evidencia trazable y excepciones formalmente aceptadas.",AP1,Política o diseño aprobado; configuración o artefacto técnico; registro operativo; evidencia de revisión; prueba de eficacia relacionada con arquitectura cloud y segmentación.,"Seguridad; Ingeniería; Operaciones; Riesgo; Cumplimiento, según el control.",Initial Access; Execution; Privilege Escalation; Credential Access; Lateral Movement; Impact,PR; DE; RC,OWASP DevSecOps and supply-chain practices,draft
CSPTF-CTRL-INF-002,CSPTF-DOM-15,INF,IAM de infraestructura y privilegios,,"Asegurar que iam de infraestructura y privilegios se diseñe, implemente, opere y evidencie de forma proporcional al riesgo del ecosistema de activos digitales.","La organización DEBE definir, aprobar, implementar, monitorear y revisar iam de infraestructura y privilegios, manteniendo evidencia trazable y excepciones formalmente aceptadas.",AP1,Política o diseño aprobado; configuración o artefacto técnico; registro operativo; evidencia de revisión; prueba de eficacia relacionada con iam de infraestructura y privilegios.,"Seguridad; Ingeniería; Operaciones; Riesgo; Cumplimiento, según el control.",Initial Access; Execution; Privilege Escalation; Credential Access; Lateral Movement; Impact,PR; DE; RC,OWASP DevSecOps and supply-chain practices,draft
CSPTF-CTRL-INF-003,CSPTF-DOM-15,INF,Gestión de secretos y KMS,,"Asegurar que gestión de secretos y kms se diseñe, implemente, opere y evidencie de forma proporcional al riesgo del ecosistema de activos digitales.","La organización DEBE definir, aprobar, implementar, monitorear y revisar gestión de secretos y kms, manteniendo evidencia trazable y excepciones formalmente aceptadas.",AP2,Política o diseño aprobado; configuración o artefacto técnico; registro operativo; evidencia de revisión; prueba de eficacia relacionada con gestión de secretos y kms.,"Seguridad; Ingeniería; Operaciones; Riesgo; Cumplimiento, según el control.",Initial Access; Execution; Privilege Escalation; Credential Access; Lateral Movement; Impact,PR; DE; RC,OWASP DevSecOps and supply-chain practices,draft
CSPTF-CTRL-INF-004,CSPTF-DOM-15,INF,Endurecimiento de contenedores y orquestación,,"Asegurar que endurecimiento de contenedores y orquestación se diseñe, implemente, opere y evidencie de forma proporcional al riesgo del ecosistema de activos digitales.","La organización DEBE definir, aprobar, implementar, monitorear y revisar endurecimiento de contenedores y orquestación, manteniendo evidencia trazable y excepciones formalmente aceptadas.",AP2,Política o diseño aprobado; configuración o artefacto técnico; registro operativo; evidencia de revisión; prueba de eficacia relacionada con endurecimiento de contenedores y orquestación.,"Seguridad; Ingeniería; Operaciones; Riesgo; Cumplimiento, según el control.",Initial Access; Execution; Privilege Escalation; Credential Access; Lateral Movement; Impact,PR; DE; RC,OWASP DevSecOps and supply-chain practices,draft
CSPTF-CTRL-INF-005,CSPTF-DOM-15,INF,Integridad de CI/CD y releases,,"Asegurar que integridad de ci/cd y releases se diseñe, implemente, opere y evidencie de forma proporcional al riesgo del ecosistema de activos digitales.","La organización DEBE definir, aprobar, implementar, monitorear y revisar integridad de ci/cd y releases, manteniendo evidencia trazable y excepciones formalmente aceptadas.",AP2,Política o diseño aprobado; configuración o artefacto técnico; registro operativo; evidencia de revisión; prueba de eficacia relacionada con integridad de ci/cd y releases.,"Seguridad; Ingeniería; Operaciones; Riesgo; Cumplimiento, según el control.",Initial Access; Execution; Privilege Escalation; Credential Access; Lateral Movement; Impact,PR; DE; RC,OWASP DevSecOps and supply-chain practices,draft
CSPTF-CTRL-INF-006,CSPTF-DOM-15,INF,"IaC, configuración y drift",,"Asegurar que iac, configuración y drift se diseñe, implemente, opere y evidencie de forma proporcional al riesgo del ecosistema de activos digitales.","La organización DEBE definir, aprobar, implementar, monitorear y revisar iac, configuración y drift, manteniendo evidencia trazable y excepciones formalmente aceptadas.",AP3,"Política o diseño aprobado; configuración o artefacto técnico; registro operativo; evidencia de revisión; prueba de eficacia relacionada con iac, configuración y drift.","Seguridad; Ingeniería; Operaciones; Riesgo; Cumplimiento, según el control.",Initial Access; Execution; Privilege Escalation; Credential Access; Lateral Movement; Impact,PR; DE; RC,OWASP DevSecOps and supply-chain practices,draft
CSPTF-CTRL-INF-007,CSPTF-DOM-15,INF,"Red, exposición y protección perimetral",,"Asegurar que red, exposición y protección perimetral se diseñe, implemente, opere y evidencie de forma proporcional al riesgo del ecosistema de activos digitales.","La organización DEBE definir, aprobar, implementar, monitorear y revisar red, exposición y protección perimetral, manteniendo evidencia trazable y excepciones formalmente aceptadas.",AP3,"Política o diseño aprobado; configuración o artefacto técnico; registro operativo; evidencia de revisión; prueba de eficacia relacionada con red, exposición y protección perimetral.","Seguridad; Ingeniería; Operaciones; Riesgo; Cumplimiento, según el control.",Initial Access; Execution; Privilege Escalation; Credential Access; Lateral Movement; Impact,PR; DE; RC,OWASP DevSecOps and supply-chain practices,draft
CSPTF-CTRL-INF-008,CSPTF-DOM-15,INF,"Respaldo, continuidad y recuperación",,"Asegurar que respaldo, continuidad y recuperación se diseñe, implemente, opere y evidencie de forma proporcional al riesgo del ecosistema de activos digitales.","La organización DEBE definir, aprobar, implementar, monitorear y revisar respaldo, continuidad y recuperación, manteniendo evidencia trazable y excepciones formalmente aceptadas.",AP4,"Política o diseño aprobado; configuración o artefacto técnico; registro operativo; evidencia de revisión; prueba de eficacia relacionada con respaldo, continuidad y recuperación.","Seguridad; Ingeniería; Operaciones; Riesgo; Cumplimiento, según el control.",Initial Access; Execution; Privilege Escalation; Credential Access; Lateral Movement; Impact,PR; DE; RC,OWASP DevSecOps and supply-chain practices,draft
CSPTF-CTRL-IAM-001,CSPTF-DOM-16,IAM,Gobierno del ciclo de identidad,,"Asegurar que gobierno del ciclo de identidad se diseñe, implemente, opere y evidencie de forma proporcional al riesgo del ecosistema de activos digitales.","La organización DEBE definir, aprobar, implementar, monitorear y revisar gobierno del ciclo de identidad, manteniendo evidencia trazable y excepciones formalmente aceptadas.",AP1,Política o diseño aprobado; configuración o artefacto técnico; registro operativo; evidencia de revisión; prueba de eficacia relacionada con gobierno del ciclo de identidad.,"Seguridad; Ingeniería; Operaciones; Riesgo; Cumplimiento, según el control.",Initial Access; Privilege Escalation; Credential Access; Lateral Movement; Collection; Fraud,GV; PR; DE,OWASP ASVS authentication and access control,draft
CSPTF-CTRL-IAM-002,CSPTF-DOM-16,IAM,MFA resistente y autenticación fuerte,,"Asegurar que mfa resistente y autenticación fuerte se diseñe, implemente, opere y evidencie de forma proporcional al riesgo del ecosistema de activos digitales.","La organización DEBE definir, aprobar, implementar, monitorear y revisar mfa resistente y autenticación fuerte, manteniendo evidencia trazable y excepciones formalmente aceptadas.",AP1,Política o diseño aprobado; configuración o artefacto técnico; registro operativo; evidencia de revisión; prueba de eficacia relacionada con mfa resistente y autenticación fuerte.,"Seguridad; Ingeniería; Operaciones; Riesgo; Cumplimiento, según el control.",Initial Access; Privilege Escalation; Credential Access; Lateral Movement; Collection; Fraud,GV; PR; DE,OWASP ASVS authentication and access control,draft
CSPTF-CTRL-IAM-003,CSPTF-DOM-16,IAM,Mínimo privilegio y acceso just-in-time,,"Asegurar que mínimo privilegio y acceso just-in-time se diseñe, implemente, opere y evidencie de forma proporcional al riesgo del ecosistema de activos digitales.","La organización DEBE definir, aprobar, implementar, monitorear y revisar mínimo privilegio y acceso just-in-time, manteniendo evidencia trazable y excepciones formalmente aceptadas.",AP2,Política o diseño aprobado; configuración o artefacto técnico; registro operativo; evidencia de revisión; prueba de eficacia relacionada con mínimo privilegio y acceso just-in-time.,"Seguridad; Ingeniería; Operaciones; Riesgo; Cumplimiento, según el control.",Initial Access; Privilege Escalation; Credential Access; Lateral Movement; Collection; Fraud,GV; PR; DE,OWASP ASVS authentication and access control,draft
CSPTF-CTRL-IAM-004,CSPTF-DOM-16,IAM,Segregación de funciones críticas,,"Asegurar que segregación de funciones críticas se diseñe, implemente, opere y evidencie de forma proporcional al riesgo del ecosistema de activos digitales.","La organización DEBE definir, aprobar, implementar, monitorear y revisar segregación de funciones críticas, manteniendo evidencia trazable y excepciones formalmente aceptadas.",AP2,Política o diseño aprobado; configuración o artefacto técnico; registro operativo; evidencia de revisión; prueba de eficacia relacionada con segregación de funciones críticas.,"Seguridad; Ingeniería; Operaciones; Riesgo; Cumplimiento, según el control.",Initial Access; Privilege Escalation; Credential Access; Lateral Movement; Collection; Fraud,GV; PR; DE,OWASP ASVS authentication and access control,draft
CSPTF-CTRL-IAM-005,CSPTF-DOM-16,IAM,"PAM, sesiones y cuentas break-glass",,"Asegurar que pam, sesiones y cuentas break-glass se diseñe, implemente, opere y evidencie de forma proporcional al riesgo del ecosistema de activos digitales.","La organización DEBE definir, aprobar, implementar, monitorear y revisar pam, sesiones y cuentas break-glass, manteniendo evidencia trazable y excepciones formalmente aceptadas.",AP2,"Política o diseño aprobado; configuración o artefacto técnico; registro operativo; evidencia de revisión; prueba de eficacia relacionada con pam, sesiones y cuentas break-glass.","Seguridad; Ingeniería; Operaciones; Riesgo; Cumplimiento, según el control.",Initial Access; Privilege Escalation; Credential Access; Lateral Movement; Collection; Fraud,GV; PR; DE,OWASP ASVS authentication and access control,draft
CSPTF-CTRL-IAM-006,CSPTF-DOM-16,IAM,Identidades de máquina y workloads,,"Asegurar que identidades de máquina y workloads se diseñe, implemente, opere y evidencie de forma proporcional al riesgo del ecosistema de activos digitales.","La organización DEBE definir, aprobar, implementar, monitorear y revisar identidades de máquina y workloads, manteniendo evidencia trazable y excepciones formalmente aceptadas.",AP3,Política o diseño aprobado; configuración o artefacto técnico; registro operativo; evidencia de revisión; prueba de eficacia relacionada con identidades de máquina y workloads.,"Seguridad; Ingeniería; Operaciones; Riesgo; Cumplimiento, según el control.",Initial Access; Privilege Escalation; Credential Access; Lateral Movement; Collection; Fraud,GV; PR; DE,OWASP ASVS authentication and access control,draft
CSPTF-CTRL-IAM-007,CSPTF-DOM-16,IAM,Monitoreo de comportamiento privilegiado,,"Asegurar que monitoreo de comportamiento privilegiado se diseñe, implemente, opere y evidencie de forma proporcional al riesgo del ecosistema de activos digitales.","La organización DEBE definir, aprobar, implementar, monitorear y revisar monitoreo de comportamiento privilegiado, manteniendo evidencia trazable y excepciones formalmente aceptadas.",AP3,Política o diseño aprobado; configuración o artefacto técnico; registro operativo; evidencia de revisión; prueba de eficacia relacionada con monitoreo de comportamiento privilegiado.,"Seguridad; Ingeniería; Operaciones; Riesgo; Cumplimiento, según el control.",Initial Access; Privilege Escalation; Credential Access; Lateral Movement; Collection; Fraud,GV; PR; DE,OWASP ASVS authentication and access control,draft
CSPTF-CTRL-IAM-008,CSPTF-DOM-16,IAM,Gestión de terceros y salida segura,,"Asegurar que gestión de terceros y salida segura se diseñe, implemente, opere y evidencie de forma proporcional al riesgo del ecosistema de activos digitales.","La organización DEBE definir, aprobar, implementar, monitorear y revisar gestión de terceros y salida segura, manteniendo evidencia trazable y excepciones formalmente aceptadas.",AP4,Política o diseño aprobado; configuración o artefacto técnico; registro operativo; evidencia de revisión; prueba de eficacia relacionada con gestión de terceros y salida segura.,"Seguridad; Ingeniería; Operaciones; Riesgo; Cumplimiento, según el control.",Initial Access; Privilege Escalation; Credential Access; Lateral Movement; Collection; Fraud,GV; PR; DE,OWASP ASVS authentication and access control,draft
CSPTF-CTRL-SUP-001,CSPTF-DOM-17,SUP,Inventario SBOM y dependencias,,"Asegurar que inventario sbom y dependencias se diseñe, implemente, opere y evidencie de forma proporcional al riesgo del ecosistema de activos digitales.","La organización DEBE definir, aprobar, implementar, monitorear y revisar inventario sbom y dependencias, manteniendo evidencia trazable y excepciones formalmente aceptadas.",AP1,Política o diseño aprobado; configuración o artefacto técnico; registro operativo; evidencia de revisión; prueba de eficacia relacionada con inventario sbom y dependencias.,"Seguridad; Ingeniería; Operaciones; Riesgo; Cumplimiento, según el control.",Resource Development; Initial Access; Execution; Defense Evasion; Impact,GV; ID; PR,OWASP Software Component Verification Standard themes,draft
CSPTF-CTRL-SUP-002,CSPTF-DOM-17,SUP,Gobierno de repositorios y ramas,,"Asegurar que gobierno de repositorios y ramas se diseñe, implemente, opere y evidencie de forma proporcional al riesgo del ecosistema de activos digitales.","La organización DEBE definir, aprobar, implementar, monitorear y revisar gobierno de repositorios y ramas, manteniendo evidencia trazable y excepciones formalmente aceptadas.",AP1,Política o diseño aprobado; configuración o artefacto técnico; registro operativo; evidencia de revisión; prueba de eficacia relacionada con gobierno de repositorios y ramas.,"Seguridad; Ingeniería; Operaciones; Riesgo; Cumplimiento, según el control.",Resource Development; Initial Access; Execution; Defense Evasion; Impact,GV; ID; PR,OWASP Software Component Verification Standard themes,draft
CSPTF-CTRL-SUP-003,CSPTF-DOM-17,SUP,Verificación de paquetes y procedencia,,"Asegurar que verificación de paquetes y procedencia se diseñe, implemente, opere y evidencie de forma proporcional al riesgo del ecosistema de activos digitales.","La organización DEBE definir, aprobar, implementar, monitorear y revisar verificación de paquetes y procedencia, manteniendo evidencia trazable y excepciones formalmente aceptadas.",AP2,Política o diseño aprobado; configuración o artefacto técnico; registro operativo; evidencia de revisión; prueba de eficacia relacionada con verificación de paquetes y procedencia.,"Seguridad; Ingeniería; Operaciones; Riesgo; Cumplimiento, según el control.",Resource Development; Initial Access; Execution; Defense Evasion; Impact,GV; ID; PR,OWASP Software Component Verification Standard themes,draft
CSPTF-CTRL-SUP-004,CSPTF-DOM-17,SUP,Entornos de construcción aislados,,"Asegurar que entornos de construcción aislados se diseñe, implemente, opere y evidencie de forma proporcional al riesgo del ecosistema de activos digitales.","La organización DEBE definir, aprobar, implementar, monitorear y revisar entornos de construcción aislados, manteniendo evidencia trazable y excepciones formalmente aceptadas.",AP2,Política o diseño aprobado; configuración o artefacto técnico; registro operativo; evidencia de revisión; prueba de eficacia relacionada con entornos de construcción aislados.,"Seguridad; Ingeniería; Operaciones; Riesgo; Cumplimiento, según el control.",Resource Development; Initial Access; Execution; Defense Evasion; Impact,GV; ID; PR,OWASP Software Component Verification Standard themes,draft
CSPTF-CTRL-SUP-005,CSPTF-DOM-17,SUP,"Firmas, reproducibilidad y releases",,"Asegurar que firmas, reproducibilidad y releases se diseñe, implemente, opere y evidencie de forma proporcional al riesgo del ecosistema de activos digitales.","La organización DEBE definir, aprobar, implementar, monitorear y revisar firmas, reproducibilidad y releases, manteniendo evidencia trazable y excepciones formalmente aceptadas.",AP2,"Política o diseño aprobado; configuración o artefacto técnico; registro operativo; evidencia de revisión; prueba de eficacia relacionada con firmas, reproducibilidad y releases.","Seguridad; Ingeniería; Operaciones; Riesgo; Cumplimiento, según el control.",Resource Development; Initial Access; Execution; Defense Evasion; Impact,GV; ID; PR,OWASP Software Component Verification Standard themes,draft
CSPTF-CTRL-SUP-006,CSPTF-DOM-17,SUP,Gestión de vulnerabilidades de terceros,,"Asegurar que gestión de vulnerabilidades de terceros se diseñe, implemente, opere y evidencie de forma proporcional al riesgo del ecosistema de activos digitales.","La organización DEBE definir, aprobar, implementar, monitorear y revisar gestión de vulnerabilidades de terceros, manteniendo evidencia trazable y excepciones formalmente aceptadas.",AP3,Política o diseño aprobado; configuración o artefacto técnico; registro operativo; evidencia de revisión; prueba de eficacia relacionada con gestión de vulnerabilidades de terceros.,"Seguridad; Ingeniería; Operaciones; Riesgo; Cumplimiento, según el control.",Resource Development; Initial Access; Execution; Defense Evasion; Impact,GV; ID; PR,OWASP Software Component Verification Standard themes,draft
CSPTF-CTRL-SUP-007,CSPTF-DOM-17,SUP,Firmware y hardware de confianza,,"Asegurar que firmware y hardware de confianza se diseñe, implemente, opere y evidencie de forma proporcional al riesgo del ecosistema de activos digitales.","La organización DEBE definir, aprobar, implementar, monitorear y revisar firmware y hardware de confianza, manteniendo evidencia trazable y excepciones formalmente aceptadas.",AP3,Política o diseño aprobado; configuración o artefacto técnico; registro operativo; evidencia de revisión; prueba de eficacia relacionada con firmware y hardware de confianza.,"Seguridad; Ingeniería; Operaciones; Riesgo; Cumplimiento, según el control.",Resource Development; Initial Access; Execution; Defense Evasion; Impact,GV; ID; PR,OWASP Software Component Verification Standard themes,draft
CSPTF-CTRL-SUP-008,CSPTF-DOM-17,SUP,Respuesta a compromiso de supply chain,,"Asegurar que respuesta a compromiso de supply chain se diseñe, implemente, opere y evidencie de forma proporcional al riesgo del ecosistema de activos digitales.","La organización DEBE definir, aprobar, implementar, monitorear y revisar respuesta a compromiso de supply chain, manteniendo evidencia trazable y excepciones formalmente aceptadas.",AP4,Política o diseño aprobado; configuración o artefacto técnico; registro operativo; evidencia de revisión; prueba de eficacia relacionada con respuesta a compromiso de supply chain.,"Seguridad; Ingeniería; Operaciones; Riesgo; Cumplimiento, según el control.",Resource Development; Initial Access; Execution; Defense Evasion; Impact,GV; ID; PR,OWASP Software Component Verification Standard themes,draft
CSPTF-CTRL-REG-001,CSPTF-DOM-18,REG,Inventario de obligaciones y jurisdicciones,,"Asegurar que inventario de obligaciones y jurisdicciones se diseñe, implemente, opere y evidencie de forma proporcional al riesgo del ecosistema de activos digitales.","La organización DEBE definir, aprobar, implementar, monitorear y revisar inventario de obligaciones y jurisdicciones, manteniendo evidencia trazable y excepciones formalmente aceptadas.",AP1,Política o diseño aprobado; configuración o artefacto técnico; registro operativo; evidencia de revisión; prueba de eficacia relacionada con inventario de obligaciones y jurisdicciones.,"Seguridad; Ingeniería; Operaciones; Riesgo; Cumplimiento, según el control.",Collection; Defense Evasion; Impact; Fraud,GV; ID; PR,OWASP privacy and data protection themes,draft
CSPTF-CTRL-REG-002,CSPTF-DOM-18,REG,Minimización y propósito de datos,,"Asegurar que minimización y propósito de datos se diseñe, implemente, opere y evidencie de forma proporcional al riesgo del ecosistema de activos digitales.","La organización DEBE definir, aprobar, implementar, monitorear y revisar minimización y propósito de datos, manteniendo evidencia trazable y excepciones formalmente aceptadas.",AP1,Política o diseño aprobado; configuración o artefacto técnico; registro operativo; evidencia de revisión; prueba de eficacia relacionada con minimización y propósito de datos.,"Seguridad; Ingeniería; Operaciones; Riesgo; Cumplimiento, según el control.",Collection; Defense Evasion; Impact; Fraud,GV; ID; PR,OWASP privacy and data protection themes,draft
CSPTF-CTRL-REG-003,CSPTF-DOM-18,REG,Seguridad de KYC y datos sensibles,,"Asegurar que seguridad de kyc y datos sensibles se diseñe, implemente, opere y evidencie de forma proporcional al riesgo del ecosistema de activos digitales.","La organización DEBE definir, aprobar, implementar, monitorear y revisar seguridad de kyc y datos sensibles, manteniendo evidencia trazable y excepciones formalmente aceptadas.",AP2,Política o diseño aprobado; configuración o artefacto técnico; registro operativo; evidencia de revisión; prueba de eficacia relacionada con seguridad de kyc y datos sensibles.,"Seguridad; Ingeniería; Operaciones; Riesgo; Cumplimiento, según el control.",Collection; Defense Evasion; Impact; Fraud,GV; ID; PR,OWASP privacy and data protection themes,draft
CSPTF-CTRL-REG-004,CSPTF-DOM-18,REG,"AML, KYT y screening basado en riesgo",,"Asegurar que aml, kyt y screening basado en riesgo se diseñe, implemente, opere y evidencie de forma proporcional al riesgo del ecosistema de activos digitales.","La organización DEBE definir, aprobar, implementar, monitorear y revisar aml, kyt y screening basado en riesgo, manteniendo evidencia trazable y excepciones formalmente aceptadas.",AP2,"Política o diseño aprobado; configuración o artefacto técnico; registro operativo; evidencia de revisión; prueba de eficacia relacionada con aml, kyt y screening basado en riesgo.","Seguridad; Ingeniería; Operaciones; Riesgo; Cumplimiento, según el control.",Collection; Defense Evasion; Impact; Fraud,GV; ID; PR,OWASP privacy and data protection themes,draft
CSPTF-CTRL-REG-005,CSPTF-DOM-18,REG,Travel Rule y transferencia segura,,"Asegurar que travel rule y transferencia segura se diseñe, implemente, opere y evidencie de forma proporcional al riesgo del ecosistema de activos digitales.","La organización DEBE definir, aprobar, implementar, monitorear y revisar travel rule y transferencia segura, manteniendo evidencia trazable y excepciones formalmente aceptadas.",AP2,Política o diseño aprobado; configuración o artefacto técnico; registro operativo; evidencia de revisión; prueba de eficacia relacionada con travel rule y transferencia segura.,"Seguridad; Ingeniería; Operaciones; Riesgo; Cumplimiento, según el control.",Collection; Defense Evasion; Impact; Fraud,GV; ID; PR,OWASP privacy and data protection themes,draft
CSPTF-CTRL-REG-006,CSPTF-DOM-18,REG,"Retención, borrado y derechos",,"Asegurar que retención, borrado y derechos se diseñe, implemente, opere y evidencie de forma proporcional al riesgo del ecosistema de activos digitales.","La organización DEBE definir, aprobar, implementar, monitorear y revisar retención, borrado y derechos, manteniendo evidencia trazable y excepciones formalmente aceptadas.",AP3,"Política o diseño aprobado; configuración o artefacto técnico; registro operativo; evidencia de revisión; prueba de eficacia relacionada con retención, borrado y derechos.","Seguridad; Ingeniería; Operaciones; Riesgo; Cumplimiento, según el control.",Collection; Defense Evasion; Impact; Fraud,GV; ID; PR,OWASP privacy and data protection themes,draft
CSPTF-CTRL-REG-007,CSPTF-DOM-18,REG,Trazabilidad y evidencia regulatoria,,"Asegurar que trazabilidad y evidencia regulatoria se diseñe, implemente, opere y evidencie de forma proporcional al riesgo del ecosistema de activos digitales.","La organización DEBE definir, aprobar, implementar, monitorear y revisar trazabilidad y evidencia regulatoria, manteniendo evidencia trazable y excepciones formalmente aceptadas.",AP3,Política o diseño aprobado; configuración o artefacto técnico; registro operativo; evidencia de revisión; prueba de eficacia relacionada con trazabilidad y evidencia regulatoria.,"Seguridad; Ingeniería; Operaciones; Riesgo; Cumplimiento, según el control.",Collection; Defense Evasion; Impact; Fraud,GV; ID; PR,OWASP privacy and data protection themes,draft
CSPTF-CTRL-REG-008,CSPTF-DOM-18,REG,Privacidad por diseño en datos on-chain,,"Asegurar que privacidad por diseño en datos on-chain se diseñe, implemente, opere y evidencie de forma proporcional al riesgo del ecosistema de activos digitales.","La organización DEBE definir, aprobar, implementar, monitorear y revisar privacidad por diseño en datos on-chain, manteniendo evidencia trazable y excepciones formalmente aceptadas.",AP4,Política o diseño aprobado; configuración o artefacto técnico; registro operativo; evidencia de revisión; prueba de eficacia relacionada con privacidad por diseño en datos on-chain.,"Seguridad; Ingeniería; Operaciones; Riesgo; Cumplimiento, según el control.",Collection; Defense Evasion; Impact; Fraud,GV; ID; PR,OWASP privacy and data protection themes,draft
CSPTF-CTRL-MON-001,CSPTF-DOM-19,MON,Estrategia y cobertura de telemetría,,"Asegurar que estrategia y cobertura de telemetría se diseñe, implemente, opere y evidencie de forma proporcional al riesgo del ecosistema de activos digitales.","La organización DEBE definir, aprobar, implementar, monitorear y revisar estrategia y cobertura de telemetría, manteniendo evidencia trazable y excepciones formalmente aceptadas.",AP1,Política o diseño aprobado; configuración o artefacto técnico; registro operativo; evidencia de revisión; prueba de eficacia relacionada con estrategia y cobertura de telemetría.,"Seguridad; Ingeniería; Operaciones; Riesgo; Cumplimiento, según el control.",Defense Evasion; Collection; Impact; Fraud,DE; RS,SCSTG logging and event verification,draft
CSPTF-CTRL-MON-002,CSPTF-DOM-19,MON,"Calidad, tiempo y sincronización de logs",,"Asegurar que calidad, tiempo y sincronización de logs se diseñe, implemente, opere y evidencie de forma proporcional al riesgo del ecosistema de activos digitales.","La organización DEBE definir, aprobar, implementar, monitorear y revisar calidad, tiempo y sincronización de logs, manteniendo evidencia trazable y excepciones formalmente aceptadas.",AP1,"Política o diseño aprobado; configuración o artefacto técnico; registro operativo; evidencia de revisión; prueba de eficacia relacionada con calidad, tiempo y sincronización de logs.","Seguridad; Ingeniería; Operaciones; Riesgo; Cumplimiento, según el control.",Defense Evasion; Collection; Impact; Fraud,DE; RS,SCSTG logging and event verification,draft
CSPTF-CTRL-MON-003,CSPTF-DOM-19,MON,Detecciones on-chain y off-chain,,"Asegurar que detecciones on-chain y off-chain se diseñe, implemente, opere y evidencie de forma proporcional al riesgo del ecosistema de activos digitales.","La organización DEBE definir, aprobar, implementar, monitorear y revisar detecciones on-chain y off-chain, manteniendo evidencia trazable y excepciones formalmente aceptadas.",AP2,Política o diseño aprobado; configuración o artefacto técnico; registro operativo; evidencia de revisión; prueba de eficacia relacionada con detecciones on-chain y off-chain.,"Seguridad; Ingeniería; Operaciones; Riesgo; Cumplimiento, según el control.",Defense Evasion; Collection; Impact; Fraud,DE; RS,SCSTG logging and event verification,draft
CSPTF-CTRL-MON-004,CSPTF-DOM-19,MON,Monitoreo de wallets y contratos críticos,,"Asegurar que monitoreo de wallets y contratos críticos se diseñe, implemente, opere y evidencie de forma proporcional al riesgo del ecosistema de activos digitales.","La organización DEBE definir, aprobar, implementar, monitorear y revisar monitoreo de wallets y contratos críticos, manteniendo evidencia trazable y excepciones formalmente aceptadas.",AP2,Política o diseño aprobado; configuración o artefacto técnico; registro operativo; evidencia de revisión; prueba de eficacia relacionada con monitoreo de wallets y contratos críticos.,"Seguridad; Ingeniería; Operaciones; Riesgo; Cumplimiento, según el control.",Defense Evasion; Collection; Impact; Fraud,DE; RS,SCSTG logging and event verification,draft
CSPTF-CTRL-MON-005,CSPTF-DOM-19,MON,Detección de fraude y abuso,,"Asegurar que detección de fraude y abuso se diseñe, implemente, opere y evidencie de forma proporcional al riesgo del ecosistema de activos digitales.","La organización DEBE definir, aprobar, implementar, monitorear y revisar detección de fraude y abuso, manteniendo evidencia trazable y excepciones formalmente aceptadas.",AP2,Política o diseño aprobado; configuración o artefacto técnico; registro operativo; evidencia de revisión; prueba de eficacia relacionada con detección de fraude y abuso.,"Seguridad; Ingeniería; Operaciones; Riesgo; Cumplimiento, según el control.",Defense Evasion; Collection; Impact; Fraud,DE; RS,SCSTG logging and event verification,draft
CSPTF-CTRL-MON-006,CSPTF-DOM-19,MON,"Correlación, enriquecimiento y atribución",,"Asegurar que correlación, enriquecimiento y atribución se diseñe, implemente, opere y evidencie de forma proporcional al riesgo del ecosistema de activos digitales.","La organización DEBE definir, aprobar, implementar, monitorear y revisar correlación, enriquecimiento y atribución, manteniendo evidencia trazable y excepciones formalmente aceptadas.",AP3,"Política o diseño aprobado; configuración o artefacto técnico; registro operativo; evidencia de revisión; prueba de eficacia relacionada con correlación, enriquecimiento y atribución.","Seguridad; Ingeniería; Operaciones; Riesgo; Cumplimiento, según el control.",Defense Evasion; Collection; Impact; Fraud,DE; RS,SCSTG logging and event verification,draft
CSPTF-CTRL-MON-007,CSPTF-DOM-19,MON,Gestión de alertas y casos,,"Asegurar que gestión de alertas y casos se diseñe, implemente, opere y evidencie de forma proporcional al riesgo del ecosistema de activos digitales.","La organización DEBE definir, aprobar, implementar, monitorear y revisar gestión de alertas y casos, manteniendo evidencia trazable y excepciones formalmente aceptadas.",AP3,Política o diseño aprobado; configuración o artefacto técnico; registro operativo; evidencia de revisión; prueba de eficacia relacionada con gestión de alertas y casos.,"Seguridad; Ingeniería; Operaciones; Riesgo; Cumplimiento, según el control.",Defense Evasion; Collection; Impact; Fraud,DE; RS,SCSTG logging and event verification,draft
CSPTF-CTRL-MON-008,CSPTF-DOM-19,MON,Validación continua de detecciones,,"Asegurar que validación continua de detecciones se diseñe, implemente, opere y evidencie de forma proporcional al riesgo del ecosistema de activos digitales.","La organización DEBE definir, aprobar, implementar, monitorear y revisar validación continua de detecciones, manteniendo evidencia trazable y excepciones formalmente aceptadas.",AP4,Política o diseño aprobado; configuración o artefacto técnico; registro operativo; evidencia de revisión; prueba de eficacia relacionada con validación continua de detecciones.,"Seguridad; Ingeniería; Operaciones; Riesgo; Cumplimiento, según el control.",Defense Evasion; Collection; Impact; Fraud,DE; RS,SCSTG logging and event verification,draft
CSPTF-CTRL-IRR-001,CSPTF-DOM-20,IRR,Planes específicos por escenario,,"Asegurar que planes específicos por escenario se diseñe, implemente, opere y evidencie de forma proporcional al riesgo del ecosistema de activos digitales.","La organización DEBE definir, aprobar, implementar, monitorear y revisar planes específicos por escenario, manteniendo evidencia trazable y excepciones formalmente aceptadas.",AP1,Política o diseño aprobado; configuración o artefacto técnico; registro operativo; evidencia de revisión; prueba de eficacia relacionada con planes específicos por escenario.,"Seguridad; Ingeniería; Operaciones; Riesgo; Cumplimiento, según el control.",Defense Evasion; Impact; Fraud,RS; RC,SCSTG incident-aware testing; CSPTF extension,draft
CSPTF-CTRL-IRR-002,CSPTF-DOM-20,IRR,"Autoridad, coordinación y comunicaciones",,"Asegurar que autoridad, coordinación y comunicaciones se diseñe, implemente, opere y evidencie de forma proporcional al riesgo del ecosistema de activos digitales.","La organización DEBE definir, aprobar, implementar, monitorear y revisar autoridad, coordinación y comunicaciones, manteniendo evidencia trazable y excepciones formalmente aceptadas.",AP1,"Política o diseño aprobado; configuración o artefacto técnico; registro operativo; evidencia de revisión; prueba de eficacia relacionada con autoridad, coordinación y comunicaciones.","Seguridad; Ingeniería; Operaciones; Riesgo; Cumplimiento, según el control.",Defense Evasion; Impact; Fraud,RS; RC,SCSTG incident-aware testing; CSPTF extension,draft
CSPTF-CTRL-IRR-003,CSPTF-DOM-20,IRR,Contención on-chain y off-chain,,"Asegurar que contención on-chain y off-chain se diseñe, implemente, opere y evidencie de forma proporcional al riesgo del ecosistema de activos digitales.","La organización DEBE definir, aprobar, implementar, monitorear y revisar contención on-chain y off-chain, manteniendo evidencia trazable y excepciones formalmente aceptadas.",AP2,Política o diseño aprobado; configuración o artefacto técnico; registro operativo; evidencia de revisión; prueba de eficacia relacionada con contención on-chain y off-chain.,"Seguridad; Ingeniería; Operaciones; Riesgo; Cumplimiento, según el control.",Defense Evasion; Impact; Fraud,RS; RC,SCSTG incident-aware testing; CSPTF extension,draft
CSPTF-CTRL-IRR-004,CSPTF-DOM-20,IRR,Preservación de evidencia y forense,,"Asegurar que preservación de evidencia y forense se diseñe, implemente, opere y evidencie de forma proporcional al riesgo del ecosistema de activos digitales.","La organización DEBE definir, aprobar, implementar, monitorear y revisar preservación de evidencia y forense, manteniendo evidencia trazable y excepciones formalmente aceptadas.",AP2,Política o diseño aprobado; configuración o artefacto técnico; registro operativo; evidencia de revisión; prueba de eficacia relacionada con preservación de evidencia y forense.,"Seguridad; Ingeniería; Operaciones; Riesgo; Cumplimiento, según el control.",Defense Evasion; Impact; Fraud,RS; RC,SCSTG incident-aware testing; CSPTF extension,draft
CSPTF-CTRL-IRR-005,CSPTF-DOM-20,IRR,Recuperación de claves y servicios,,"Asegurar que recuperación de claves y servicios se diseñe, implemente, opere y evidencie de forma proporcional al riesgo del ecosistema de activos digitales.","La organización DEBE definir, aprobar, implementar, monitorear y revisar recuperación de claves y servicios, manteniendo evidencia trazable y excepciones formalmente aceptadas.",AP2,Política o diseño aprobado; configuración o artefacto técnico; registro operativo; evidencia de revisión; prueba de eficacia relacionada con recuperación de claves y servicios.,"Seguridad; Ingeniería; Operaciones; Riesgo; Cumplimiento, según el control.",Defense Evasion; Impact; Fraud,RS; RC,SCSTG incident-aware testing; CSPTF extension,draft
CSPTF-CTRL-IRR-006,CSPTF-DOM-20,IRR,Reconciliación de activos y reservas,,"Asegurar que reconciliación de activos y reservas se diseñe, implemente, opere y evidencie de forma proporcional al riesgo del ecosistema de activos digitales.","La organización DEBE definir, aprobar, implementar, monitorear y revisar reconciliación de activos y reservas, manteniendo evidencia trazable y excepciones formalmente aceptadas.",AP3,Política o diseño aprobado; configuración o artefacto técnico; registro operativo; evidencia de revisión; prueba de eficacia relacionada con reconciliación de activos y reservas.,"Seguridad; Ingeniería; Operaciones; Riesgo; Cumplimiento, según el control.",Defense Evasion; Impact; Fraud,RS; RC,SCSTG incident-aware testing; CSPTF extension,draft
CSPTF-CTRL-IRR-007,CSPTF-DOM-20,IRR,"Continuidad, liquidez y obligaciones",,"Asegurar que continuidad, liquidez y obligaciones se diseñe, implemente, opere y evidencie de forma proporcional al riesgo del ecosistema de activos digitales.","La organización DEBE definir, aprobar, implementar, monitorear y revisar continuidad, liquidez y obligaciones, manteniendo evidencia trazable y excepciones formalmente aceptadas.",AP3,"Política o diseño aprobado; configuración o artefacto técnico; registro operativo; evidencia de revisión; prueba de eficacia relacionada con continuidad, liquidez y obligaciones.","Seguridad; Ingeniería; Operaciones; Riesgo; Cumplimiento, según el control.",Defense Evasion; Impact; Fraud,RS; RC,SCSTG incident-aware testing; CSPTF extension,draft
CSPTF-CTRL-IRR-008,CSPTF-DOM-20,IRR,Lecciones aprendidas y validación periódica,,"Asegurar que lecciones aprendidas y validación periódica se diseñe, implemente, opere y evidencie de forma proporcional al riesgo del ecosistema de activos digitales.","La organización DEBE definir, aprobar, implementar, monitorear y revisar lecciones aprendidas y validación periódica, manteniendo evidencia trazable y excepciones formalmente aceptadas.",AP4,Política o diseño aprobado; configuración o artefacto técnico; registro operativo; evidencia de revisión; prueba de eficacia relacionada con lecciones aprendidas y validación periódica.,"Seguridad; Ingeniería; Operaciones; Riesgo; Cumplimiento, según el control.",Defense Evasion; Impact; Fraud,RS; RC,SCSTG incident-aware testing; CSPTF extension,draft
